-- phpMyAdmin SQL Dump
-- version 4.7.7
-- https://www.phpmyadmin.net/
--
-- Host: 177.153.63.34
-- Generation Time: 05-Dez-2023 às 11:23
-- Versão do servidor: 5.7.32-35-log
-- PHP Version: 5.6.40-0+deb8u12

SET SQL_MODE = "NO_AUTO_VALUE_ON_ZERO";
SET AUTOCOMMIT = 0;
START TRANSACTION;
SET time_zone = "+00:00";


/*!40101 SET @OLD_CHARACTER_SET_CLIENT=@@CHARACTER_SET_CLIENT */;
/*!40101 SET @OLD_CHARACTER_SET_RESULTS=@@CHARACTER_SET_RESULTS */;
/*!40101 SET @OLD_COLLATION_CONNECTION=@@COLLATION_CONNECTION */;
/*!40101 SET NAMES utf8mb4 */;

--
-- Database: `cartazeando`
--
CREATE DATABASE IF NOT EXISTS `cartazeando` DEFAULT CHARACTER SET latin1 COLLATE latin1_general_ci;
USE `cartazeando`;

-- --------------------------------------------------------

--
-- Estrutura da tabela `controle_deflacao`
--

CREATE TABLE `controle_deflacao` (
  `id` int(11) NOT NULL,
  `id_tipo_pagamento` int(11) NOT NULL,
  `parcela_de` int(11) NOT NULL,
  `parcela_ate` int(11) NOT NULL,
  `valor_deflacao` float NOT NULL
) ENGINE=InnoDB DEFAULT CHARSET=utf8mb4 COLLATE=utf8mb4_unicode_ci;

--
-- Extraindo dados da tabela `controle_deflacao`
--

INSERT INTO `controle_deflacao` (`id`, `id_tipo_pagamento`, `parcela_de`, `parcela_ate`, `valor_deflacao`) VALUES
(1, 2, 1, 3, 16.5),
(2, 2, 1, 4, 17.5),
(3, 2, 1, 5, 18.5),
(4, 2, 1, 6, 19.5),
(5, 2, 1, 7, 20.5),
(6, 2, 1, 8, 22.5),
(7, 2, 1, 9, 24.5),
(8, 2, 1, 10, 25.5),
(9, 2, 1, 11, 26.5),
(10, 2, 1, 12, 28.5),
(11, 2, 1, 13, 28.5),
(12, 2, 1, 14, 28.5),
(13, 2, 1, 15, 29.5),
(14, 2, 1, 16, 29.5),
(15, 2, 1, 17, 29.5),
(16, 2, 1, 18, 31),
(17, 2, 1, 19, 31),
(18, 1, 1, 3, 20.5),
(19, 1, 1, 4, 20.5),
(20, 1, 1, 5, 20.5),
(21, 1, 1, 6, 20.5),
(22, 1, 1, 7, 20.5),
(23, 1, 1, 8, 20.5),
(24, 1, 1, 9, 20.5),
(25, 1, 1, 10, 20.5),
(26, 1, 1, 11, 20.5),
(27, 1, 1, 12, 20.5),
(28, 1, 1, 13, 20.5),
(29, 1, 1, 14, 20.5),
(30, 1, 1, 15, 20.5),
(31, 1, 1, 16, 20.5),
(32, 1, 1, 17, 20.5),
(33, 1, 1, 18, 20.5),
(34, 1, 1, 19, 20.5);

-- --------------------------------------------------------

--
-- Estrutura da tabela `cor`
--

CREATE TABLE `cor` (
  `id` int(11) NOT NULL,
  `descricao` varchar(150) CHARACTER SET utf8mb4 COLLATE utf8mb4_unicode_ci NOT NULL
) ENGINE=InnoDB DEFAULT CHARSET=latin1 COLLATE=latin1_general_ci;

--
-- Extraindo dados da tabela `cor`
--

INSERT INTO `cor` (`id`, `descricao`) VALUES
(0, 'SEM COR'),
(1, 'BRANCO'),
(2, 'BEGE'),
(3, 'INOX'),
(4, 'AZUL'),
(5, 'ROXO'),
(6, 'VERMELHO'),
(7, 'VERDE'),
(8, 'PRETO'),
(9, 'CHOCOLATE'),
(10, 'ROSA'),
(11, 'AMARELO'),
(12, 'CINZA'),
(13, 'ROSA'),
(14, 'GELO'),
(15, 'GRAFITE'),
(16, 'PRATA'),
(17, 'LILAS'),
(18, 'POLIDO'),
(19, 'LARANJA'),
(20, 'RAINBOW'),
(21, 'XADREX'),
(22, 'MARROM'),
(23, 'MENTA'),
(24, 'TABACO'),
(25, 'RUSTICA'),
(26, 'MARFIM'),
(27, 'MOGNO'),
(28, 'VINHO'),
(29, 'PEROLA'),
(30, 'MOSTARDA'),
(1940, 'LILAC'),
(3200, 'Marron Escuro - Veludo'),
(4036, 'Avelã - Avelã/Off White');

-- --------------------------------------------------------

--
-- Estrutura da tabela `empresa`
--

CREATE TABLE `empresa` (
  `id` int(11) NOT NULL,
  `descricao` varchar(100) CHARACTER SET utf8mb4 COLLATE utf8mb4_unicode_ci NOT NULL,
  `cnpj` varchar(14) COLLATE latin1_general_ci NOT NULL
) ENGINE=InnoDB DEFAULT CHARSET=latin1 COLLATE=latin1_general_ci;

--
-- Extraindo dados da tabela `empresa`
--

INSERT INTO `empresa` (`id`, `descricao`, `cnpj`) VALUES
(1, 'Matriz', '50061057000179'),
(14, 'Goiás', '88888888888888'),
(24, 'Radisco', '99999999999999');

-- --------------------------------------------------------

--
-- Estrutura da tabela `filial`
--

CREATE TABLE `filial` (
  `id` int(11) NOT NULL,
  `numero` int(11) NOT NULL,
  `empresa` int(11) NOT NULL,
  `cidade` varchar(100) COLLATE latin1_general_ci NOT NULL,
  `uf` varchar(2) COLLATE latin1_general_ci NOT NULL
) ENGINE=InnoDB DEFAULT CHARSET=latin1 COLLATE=latin1_general_ci;

--
-- Extraindo dados da tabela `filial`
--

INSERT INTO `filial` (`id`, `numero`, `empresa`, `cidade`, `uf`) VALUES
(10019, 19, 1, 'CAMPO NOVO DOS PARECIS', 'MT'),
(10037, 37, 1, 'ROLIM DE MOURA', 'RO'),
(10039, 39, 1, 'COLIDER', 'MT'),
(10040, 40, 1, 'RIO BRILHANTE', 'MS'),
(10041, 41, 1, 'SINOP', 'MT'),
(10043, 43, 1, 'BARRA DO GARCAS', 'MT'),
(10044, 44, 1, 'JARDIM', 'MS'),
(10045, 45, 1, 'PARANAIBA', 'MS'),
(10046, 46, 1, 'SAO GABRIEL DO OESTE', 'MS'),
(10047, 47, 1, 'NOVA MUTUM', 'MT'),
(10049, 0, 1, 'VERA', 'MT'),
(10038, 38, 1, 'CUIABA', 'MT'),
(10005, 5, 1, 'SAO JOSE DO RIO CLARO', 'MT'),
(10006, 6, 1, 'ARENAPOLIS', 'MT'),
(10008, 8, 1, 'NOBRES', 'MT'),
(10009, 9, 1, 'TANGARA DA SERRA', 'MT'),
(10010, 10, 1, 'SAO JOSE DOS QUATRO MARCOS', 'MT'),
(10011, 11, 1, 'PONTES E LACERDA', 'MT'),
(10012, 12, 1, 'BARRA DO BUGRES', 'MT'),
(10014, 14, 1, 'JUINA', 'MT'),
(10015, 15, 1, 'CUIABA', 'MT'),
(10016, 16, 1, 'SORRISO', 'MT'),
(10017, 17, 1, 'CACERES', 'MT'),
(10018, 18, 1, 'PRIMAVERA DO LESTE', 'MT'),
(10020, 20, 1, 'SINOP', 'MT'),
(10021, 21, 1, 'SAO MIGUEL DO GUAPORE', 'RO'),
(10022, 22, 1, 'COXIM', 'MS'),
(10023, 23, 1, 'CAMPO VERDE', 'MT'),
(10024, 24, 1, 'DOURADOS', 'MS'),
(10026, 26, 1, 'ESPIGAO DO OESTE', 'RO'),
(10027, 27, 1, 'AQUIDAUANA', 'MS'),
(10029, 29, 1, 'RONDONOPOLIS', 'MT'),
(10030, 30, 1, 'LUCAS DO RIO VERDE', 'MT'),
(10032, 32, 1, 'ALTA FLORESTA', 'MT'),
(10033, 33, 1, 'NAVIRAI', 'MS'),
(10034, 34, 1, 'CORUMBA', 'MS'),
(10035, 35, 1, 'ARIQUEMES', 'RO'),
(10036, 36, 1, 'MARACAJU', 'MS'),
(10002, 0, 1, 'DOURADINA', 'PR'),
(10031, 31, 1, 'DOURADINA', 'MT'),
(10028, 28, 1, 'GOIOERE', 'PR'),
(10025, 25, 1, 'IPORA', 'PR'),
(1000999, 0, 1, 'Umuarama', 'PR');

-- --------------------------------------------------------

--
-- Estrutura da tabela `impressoes`
--

CREATE TABLE `impressoes` (
  `id` int(11) NOT NULL,
  `id_promocao` int(11) NOT NULL,
  `id_produto` int(11) NOT NULL,
  `id_grade_x` int(11) NOT NULL,
  `id_grade_y` int(11) NOT NULL,
  `id_tipo_pagamento` int(11) NOT NULL,
  `preco_a_prazo` float NOT NULL,
  `id_filial` int(11) NOT NULL,
  `id_usuario` int(11) NOT NULL,
  `data_hora_impressao` timestamp NOT NULL
) ENGINE=InnoDB DEFAULT CHARSET=latin1 COLLATE=latin1_general_ci;

--
-- Extraindo dados da tabela `impressoes`
--

INSERT INTO `impressoes` (`id`, `id_promocao`, `id_produto`, `id_grade_x`, `id_grade_y`, `id_tipo_pagamento`, `preco_a_prazo`, `id_filial`, `id_usuario`, `data_hora_impressao`) VALUES
(124, 49, 30472, 0, 0, 2, 2799.9, 10002, 0, '2023-11-29 03:00:51'),
(125, 51, 15034, 1, 1, 2, 2199.9, 10002, 0, '2023-11-29 03:00:51'),
(126, 52, 11297, 1, 1, 2, 3399.9, 10002, 0, '2023-11-29 03:00:51'),
(127, 53, 11599, 1, 1, 2, 4799.9, 10002, 0, '2023-11-29 03:00:51'),
(128, 54, 30474, 0, 0, 2, 4199.9, 10002, 0, '2023-11-29 03:00:51'),
(129, 55, 52192, 8, 0, 2, 2399.9, 10002, 0, '2023-11-29 03:00:51'),
(130, 56, 49605, 8, 14, 2, 3699.9, 10002, 0, '2023-11-29 03:00:51'),
(131, 57, 30282, 0, 0, 2, 1399.9, 10002, 0, '2023-11-29 03:00:51'),
(132, 58, 30473, 0, 0, 2, 3099.9, 10002, 0, '2023-11-29 03:00:52'),
(133, 59, 30283, 0, 0, 2, 2099.9, 10002, 0, '2023-11-29 03:00:52'),
(134, 60, 12136, 1, 1, 2, 3999.9, 10002, 0, '2023-11-29 03:00:52'),
(135, 61, 30428, 0, 0, 2, 2499.9, 10002, 0, '2023-11-29 03:00:52'),
(136, 62, 15035, 1, 1, 2, 2499.9, 10002, 0, '2023-11-29 03:00:52'),
(137, 63, 12212, 1, 1, 2, 2699.9, 10002, 0, '2023-11-29 03:00:52'),
(138, 64, 30521, 0, 0, 2, 1499.9, 10002, 0, '2023-11-29 03:00:52'),
(139, 65, 650682, 2, 0, 2, 2099.9, 10002, 0, '2023-11-29 03:00:52'),
(140, 66, 30475, 0, 0, 2, 5399.9, 10002, 0, '2023-11-29 03:00:52'),
(141, 67, 30437, 0, 0, 2, 3099.9, 10002, 0, '2023-11-29 03:00:52'),
(142, 68, 120321, 0, 2, 2, 2399.9, 10002, 0, '2023-11-29 03:00:52'),
(143, 69, 28278, 3200, 0, 2, 4099.9, 10002, 0, '2023-11-29 03:00:52'),
(144, 70, 11638, 1, 1, 2, 2899.9, 10002, 0, '2023-11-29 03:00:52'),
(145, 71, 120166, 0, 2, 2, 2099.9, 10002, 0, '2023-11-29 03:00:52'),
(146, 72, 650681, 2, 0, 2, 1699.9, 10002, 0, '2023-11-29 03:00:52'),
(147, 73, 52359, 8, 14, 2, 1399.9, 10002, 0, '2023-11-29 03:00:52'),
(148, 74, 49606, 8, 14, 2, 4199.9, 10002, 0, '2023-11-29 03:00:52'),
(149, 75, 30500, 0, 0, 2, 299.9, 10002, 0, '2023-11-29 03:00:52'),
(150, 76, 52431, 15, 14, 2, 1099.9, 10002, 0, '2023-11-29 03:00:52'),
(151, 77, 650680, 2, 0, 2, 1399.9, 10002, 0, '2023-11-29 03:00:52'),
(152, 78, 11600, 3, 1, 2, 5199.9, 10002, 0, '2023-11-29 03:00:52'),
(153, 79, 52506, 8, 14, 2, 5799.9, 10002, 0, '2023-11-29 03:00:52'),
(154, 80, 52601, 1940, 14, 2, 899.9, 10002, 0, '2023-11-29 03:00:52'),
(155, 81, 30422, 0, 0, 2, 2199.9, 10002, 0, '2023-11-29 03:00:52'),
(156, 82, 52593, 12, 14, 2, 1599.9, 10002, 0, '2023-11-29 03:00:52'),
(157, 83, 28150, 4036, 0, 2, 1599.9, 10002, 0, '2023-11-29 03:00:53'),
(158, 84, 30476, 0, 0, 2, 6299.9, 10002, 0, '2023-11-29 03:00:53'),
(159, 0, 11524, 1, 1, 2, 3969.9, 10002, 0, '2023-11-29 03:00:53'),
(160, 0, 30472, 0, 0, 2, 3444.9, 10017, 0, '2023-11-29 03:06:58'),
(161, 0, 11524, 1, 1, 2, 3969.9, 10017, 0, '2023-11-29 03:07:00'),
(162, 0, 15034, 1, 1, 2, 2809.9, 10017, 0, '2023-11-29 03:07:00'),
(163, 0, 11297, 1, 1, 2, 4269.9, 10017, 0, '2023-11-29 03:07:00'),
(164, 0, 11599, 1, 1, 2, 6004.9, 10017, 0, '2023-11-29 03:07:00'),
(165, 0, 30474, 0, 0, 2, 5254.9, 10017, 0, '2023-11-29 03:07:00'),
(166, 0, 52192, 8, 0, 2, 2999.9, 10017, 0, '2023-11-29 03:07:00'),
(167, 0, 49605, 8, 14, 2, 4604.9, 10017, 0, '2023-11-29 03:07:00'),
(168, 0, 30282, 0, 0, 2, 1749.9, 10017, 0, '2023-11-29 03:07:00'),
(169, 0, 30473, 0, 0, 2, 3934.9, 10017, 0, '2023-11-29 03:07:00'),
(170, 0, 30283, 0, 0, 2, 2679.9, 10017, 0, '2023-11-29 03:07:00'),
(171, 0, 12136, 1, 1, 2, 5054.9, 10017, 0, '2023-11-29 03:07:00'),
(172, 0, 30428, 0, 0, 2, 3124.9, 10017, 0, '2023-11-29 03:07:00'),
(173, 0, 15035, 1, 1, 2, 3169.9, 10017, 0, '2023-11-29 03:07:00'),
(174, 0, 12212, 1, 1, 2, 3334.9, 10017, 0, '2023-11-29 03:07:00'),
(175, 0, 30521, 0, 0, 2, 1929.9, 10017, 0, '2023-11-29 03:07:00'),
(176, 0, 650682, 2, 0, 2, 2679.9, 10017, 0, '2023-11-29 03:07:00'),
(177, 0, 30475, 0, 0, 2, 6739.9, 10017, 0, '2023-11-29 03:07:00'),
(178, 0, 30437, 0, 0, 2, 3894.9, 10017, 0, '2023-11-29 03:07:01'),
(179, 0, 120321, 0, 2, 2, 3054.9, 10017, 0, '2023-11-29 03:07:01'),
(180, 0, 28278, 3200, 0, 2, 5129.9, 10017, 0, '2023-11-29 03:07:01'),
(181, 0, 11638, 1, 1, 2, 3599.9, 10017, 0, '2023-11-29 03:07:01'),
(182, 0, 120166, 0, 2, 2, 2619.9, 10017, 0, '2023-11-29 03:07:01'),
(183, 0, 650681, 2, 0, 2, 2154.9, 10017, 0, '2023-11-29 03:07:01'),
(184, 0, 52359, 8, 14, 2, 1784.9, 10017, 0, '2023-11-29 03:07:01'),
(185, 0, 49606, 8, 14, 2, 5209.9, 10017, 0, '2023-11-29 03:07:01'),
(186, 0, 30500, 0, 0, 2, 364.9, 10017, 0, '2023-11-29 03:07:01'),
(187, 0, 52431, 15, 14, 2, 1364.9, 10017, 0, '2023-11-29 03:07:01'),
(188, 0, 650680, 2, 0, 2, 1804.9, 10017, 0, '2023-11-29 03:07:01'),
(189, 0, 11600, 3, 1, 2, 6459.9, 10017, 0, '2023-11-29 03:07:01'),
(190, 0, 52506, 8, 14, 2, 7254.9, 10017, 0, '2023-11-29 03:07:01'),
(191, 0, 52601, 1940, 14, 2, 1154.9, 10017, 0, '2023-11-29 03:07:01'),
(192, 0, 30422, 0, 0, 2, 2694.9, 10017, 0, '2023-11-29 03:07:01'),
(193, 0, 52593, 12, 14, 2, 1984.9, 10017, 0, '2023-11-29 03:07:01'),
(194, 0, 28150, 4036, 0, 2, 1939.9, 10017, 0, '2023-11-29 03:07:01'),
(195, 0, 30476, 0, 0, 2, 7934.9, 10017, 0, '2023-11-29 03:07:01'),
(196, 0, 11599, 1, 1, 2, 6004.9, 10017, 0, '2023-11-29 03:09:52'),
(197, 49, 30472, 0, 0, 2, 2799.9, 10002, 0, '2023-11-29 03:19:13'),
(198, 51, 15034, 1, 1, 2, 2199.9, 10002, 0, '2023-11-29 03:19:13'),
(199, 52, 11297, 1, 1, 2, 3399.9, 10002, 0, '2023-11-29 03:19:13'),
(200, 53, 11599, 1, 1, 2, 4799.9, 10002, 0, '2023-11-29 03:19:13'),
(201, 54, 30474, 0, 0, 2, 4199.9, 10002, 0, '2023-11-29 03:19:13'),
(202, 55, 52192, 8, 0, 2, 2399.9, 10002, 0, '2023-11-29 03:19:13'),
(203, 56, 49605, 8, 14, 2, 3699.9, 10002, 0, '2023-11-29 03:19:13'),
(204, 57, 30282, 0, 0, 2, 1399.9, 10002, 0, '2023-11-29 03:19:13'),
(205, 58, 30473, 0, 0, 2, 3099.9, 10002, 0, '2023-11-29 03:19:13'),
(206, 59, 30283, 0, 0, 2, 2099.9, 10002, 0, '2023-11-29 03:19:14'),
(207, 60, 12136, 1, 1, 2, 3999.9, 10002, 0, '2023-11-29 03:19:14'),
(208, 61, 30428, 0, 0, 2, 2499.9, 10002, 0, '2023-11-29 03:19:14'),
(209, 62, 15035, 1, 1, 2, 2499.9, 10002, 0, '2023-11-29 03:19:14'),
(210, 63, 12212, 1, 1, 2, 2699.9, 10002, 0, '2023-11-29 03:19:14'),
(211, 64, 30521, 0, 0, 2, 1499.9, 10002, 0, '2023-11-29 03:19:14'),
(212, 65, 650682, 2, 0, 2, 2099.9, 10002, 0, '2023-11-29 03:19:14'),
(213, 66, 30475, 0, 0, 2, 5399.9, 10002, 0, '2023-11-29 03:19:14'),
(214, 67, 30437, 0, 0, 2, 3099.9, 10002, 0, '2023-11-29 03:19:14'),
(215, 68, 120321, 0, 2, 2, 2399.9, 10002, 0, '2023-11-29 03:19:14'),
(216, 69, 28278, 3200, 0, 2, 4099.9, 10002, 0, '2023-11-29 03:19:14'),
(217, 70, 11638, 1, 1, 2, 2899.9, 10002, 0, '2023-11-29 03:19:14'),
(218, 71, 120166, 0, 2, 2, 2099.9, 10002, 0, '2023-11-29 03:19:14'),
(219, 72, 650681, 2, 0, 2, 1699.9, 10002, 0, '2023-11-29 03:19:14'),
(220, 73, 52359, 8, 14, 2, 1399.9, 10002, 0, '2023-11-29 03:19:14'),
(221, 74, 49606, 8, 14, 2, 4199.9, 10002, 0, '2023-11-29 03:19:14'),
(222, 75, 30500, 0, 0, 2, 299.9, 10002, 0, '2023-11-29 03:19:14'),
(223, 76, 52431, 15, 14, 2, 1099.9, 10002, 0, '2023-11-29 03:19:14'),
(224, 77, 650680, 2, 0, 2, 1399.9, 10002, 0, '2023-11-29 03:19:14'),
(225, 78, 11600, 3, 1, 2, 5199.9, 10002, 0, '2023-11-29 03:19:15'),
(226, 79, 52506, 8, 14, 2, 5799.9, 10002, 0, '2023-11-29 03:19:15'),
(227, 80, 52601, 1940, 14, 2, 899.9, 10002, 0, '2023-11-29 03:19:15'),
(228, 81, 30422, 0, 0, 2, 2199.9, 10002, 0, '2023-11-29 03:19:15'),
(229, 82, 52593, 12, 14, 2, 1599.9, 10002, 0, '2023-11-29 03:19:15'),
(230, 83, 28150, 4036, 0, 2, 1599.9, 10002, 0, '2023-11-29 03:19:15'),
(231, 84, 30476, 0, 0, 2, 6299.9, 10002, 0, '2023-11-29 03:19:15'),
(232, 49, 30472, 0, 0, 2, 2799.9, 10002, 0, '2023-11-29 10:12:26'),
(233, 57, 30282, 0, 0, 2, 1399.9, 10002, 0, '2023-11-29 10:28:20'),
(234, 60, 12136, 1, 1, 2, 3999.9, 10002, 0, '2023-11-29 10:28:20'),
(235, 55, 52192, 8, 0, 2, 2399.9, 10002, 0, '2023-11-29 10:28:37'),
(236, 49, 30472, 0, 0, 2, 2799.9, 10002, 0, '2023-11-29 22:41:37'),
(237, 51, 15034, 1, 1, 2, 2199.9, 10002, 0, '2023-11-29 22:41:37'),
(238, 52, 11297, 1, 1, 2, 3399.9, 10002, 0, '2023-11-29 22:41:37'),
(239, 53, 11599, 1, 1, 2, 4799.9, 10002, 0, '2023-11-29 22:41:37'),
(240, 54, 30474, 0, 0, 2, 4199.9, 10002, 0, '2023-11-29 22:41:37'),
(241, 55, 52192, 8, 0, 2, 2399.9, 10002, 0, '2023-11-29 22:41:37'),
(242, 56, 49605, 8, 14, 2, 3699.9, 10002, 0, '2023-11-29 22:41:37'),
(243, 57, 30282, 0, 0, 2, 1399.9, 10002, 0, '2023-11-29 22:41:37'),
(244, 58, 30473, 0, 0, 2, 3099.9, 10002, 0, '2023-11-29 22:41:37'),
(245, 59, 30283, 0, 0, 2, 2099.9, 10002, 0, '2023-11-29 22:41:37'),
(246, 60, 12136, 1, 1, 2, 3999.9, 10002, 0, '2023-11-29 22:41:37'),
(247, 61, 30428, 0, 0, 2, 2499.9, 10002, 0, '2023-11-29 22:41:37'),
(248, 62, 15035, 1, 1, 2, 2499.9, 10002, 0, '2023-11-29 22:41:37'),
(249, 63, 12212, 1, 1, 2, 2699.9, 10002, 0, '2023-11-29 22:41:38'),
(250, 64, 30521, 0, 0, 2, 1499.9, 10002, 0, '2023-11-29 22:41:38'),
(251, 65, 650682, 2, 0, 2, 2099.9, 10002, 0, '2023-11-29 22:41:38'),
(252, 66, 30475, 0, 0, 2, 5399.9, 10002, 0, '2023-11-29 22:41:38'),
(253, 67, 30437, 0, 0, 2, 3099.9, 10002, 0, '2023-11-29 22:41:38'),
(254, 68, 120321, 0, 2, 2, 2399.9, 10002, 0, '2023-11-29 22:41:38'),
(255, 69, 28278, 3200, 0, 2, 4099.9, 10002, 0, '2023-11-29 22:41:38'),
(256, 70, 11638, 1, 1, 2, 2899.9, 10002, 0, '2023-11-29 22:41:38'),
(257, 71, 120166, 0, 2, 2, 2099.9, 10002, 0, '2023-11-29 22:41:38'),
(258, 72, 650681, 2, 0, 2, 1699.9, 10002, 0, '2023-11-29 22:41:38'),
(259, 73, 52359, 8, 14, 2, 1399.9, 10002, 0, '2023-11-29 22:41:38'),
(260, 74, 49606, 8, 14, 2, 4199.9, 10002, 0, '2023-11-29 22:41:38'),
(261, 75, 30500, 0, 0, 2, 299.9, 10002, 0, '2023-11-29 22:41:38'),
(262, 76, 52431, 15, 14, 2, 1099.9, 10002, 0, '2023-11-29 22:41:38'),
(263, 77, 650680, 2, 0, 2, 1399.9, 10002, 0, '2023-11-29 22:41:38'),
(264, 78, 11600, 3, 1, 2, 5199.9, 10002, 0, '2023-11-29 22:41:39'),
(265, 79, 52506, 8, 14, 2, 5799.9, 10002, 0, '2023-11-29 22:41:39'),
(266, 80, 52601, 1940, 14, 2, 899.9, 10002, 0, '2023-11-29 22:41:39'),
(267, 81, 30422, 0, 0, 2, 2199.9, 10002, 0, '2023-11-29 22:41:39'),
(268, 82, 52593, 12, 14, 2, 1599.9, 10002, 0, '2023-11-29 22:41:39'),
(269, 83, 28150, 4036, 0, 2, 1599.9, 10002, 0, '2023-11-29 22:41:39'),
(270, 84, 30476, 0, 0, 2, 6299.9, 10002, 0, '2023-11-29 22:41:39');

-- --------------------------------------------------------

--
-- Estrutura da tabela `pagamento_entrada`
--

CREATE TABLE `pagamento_entrada` (
  `id_value` int(11) NOT NULL,
  `descricao` varchar(10) COLLATE latin1_general_ci NOT NULL
) ENGINE=InnoDB DEFAULT CHARSET=latin1 COLLATE=latin1_general_ci;

--
-- Extraindo dados da tabela `pagamento_entrada`
--

INSERT INTO `pagamento_entrada` (`id_value`, `descricao`) VALUES
(1, 'Sim'),
(0, 'Não');

-- --------------------------------------------------------

--
-- Estrutura da tabela `produto`
--

CREATE TABLE `produto` (
  `id_filial` bigint(20) NOT NULL,
  `id_produto` bigint(20) NOT NULL,
  `id_grade_x` bigint(20) NOT NULL,
  `id_grade_y` bigint(20) NOT NULL,
  `produto` varchar(200) COLLATE utf8mb4_unicode_ci DEFAULT NULL,
  `cor` varchar(100) COLLATE utf8mb4_unicode_ci DEFAULT NULL,
  `voltagem` varchar(100) COLLATE utf8mb4_unicode_ci DEFAULT NULL,
  `codigo_fabricante` varchar(300) COLLATE utf8mb4_unicode_ci DEFAULT NULL,
  `id_departamento` bigint(20) DEFAULT NULL,
  `departamento` varchar(100) COLLATE utf8mb4_unicode_ci DEFAULT NULL,
  `id_sub_departamento` varchar(100) COLLATE utf8mb4_unicode_ci DEFAULT NULL,
  `sub_departamento` varchar(100) COLLATE utf8mb4_unicode_ci DEFAULT NULL,
  `marca` varchar(100) COLLATE utf8mb4_unicode_ci DEFAULT NULL,
  `preco_venda` decimal(10,2) DEFAULT NULL,
  `estoque` bigint(20) DEFAULT NULL,
  `id_promocao` bigint(20) DEFAULT NULL,
  `promocao` varchar(150) COLLATE utf8mb4_unicode_ci DEFAULT NULL,
  `data_inicial` date DEFAULT NULL,
  `data_final` date DEFAULT NULL,
  `prazo_inicial` bigint(20) DEFAULT NULL,
  `prazo_final` bigint(20) DEFAULT NULL,
  `preco_partida` decimal(10,2) DEFAULT NULL,
  `preco_a_prazo` decimal(10,2) DEFAULT NULL,
  `tipo_venda_promocao` varchar(100) COLLATE utf8mb4_unicode_ci DEFAULT NULL,
  `tipo_prazo_promocao` varchar(100) COLLATE utf8mb4_unicode_ci DEFAULT NULL,
  `tipo` varchar(100) COLLATE utf8mb4_unicode_ci DEFAULT NULL,
  `prioridade` bigint(20) DEFAULT NULL,
  `id_promocao_produto_grade` bigint(20) NOT NULL,
  `juros_mes` decimal(10,2) DEFAULT NULL,
  `juros_ano` decimal(10,2) DEFAULT NULL,
  `id_promocao_ccg` bigint(20) DEFAULT NULL,
  `promocao_ccg` varchar(100) COLLATE utf8mb4_unicode_ci DEFAULT NULL,
  `ordem` bigint(20) DEFAULT NULL,
  `id_tipo_venda_promocao` bigint(20) DEFAULT NULL,
  `juro_composto` decimal(10,2) DEFAULT NULL,
  `is_departamento` bigint(20) DEFAULT NULL,
  `datetime_insercao_atualizacao` datetime NOT NULL DEFAULT CURRENT_TIMESTAMP
) ENGINE=InnoDB DEFAULT CHARSET=utf8mb4 COLLATE=utf8mb4_unicode_ci;

-- --------------------------------------------------------

--
-- Estrutura da tabela `produtonew`
--

CREATE TABLE `produtonew` (
  `id` int(11) NOT NULL,
  `id_produto` int(11) NOT NULL,
  `id_cor` int(11) NOT NULL,
  `id_voltagem` int(11) NOT NULL,
  `produto` varchar(200) COLLATE utf8mb4_unicode_ci NOT NULL,
  `preco_venda` float NOT NULL,
  `caminho_imagem` varchar(300) COLLATE utf8mb4_unicode_ci NOT NULL
) ENGINE=InnoDB DEFAULT CHARSET=utf8mb4 COLLATE=utf8mb4_unicode_ci;

--
-- Extraindo dados da tabela `produtonew`
--

INSERT INTO `produtonew` (`id`, `id_produto`, `id_cor`, `id_voltagem`, `produto`, `preco_venda`, `caminho_imagem`) VALUES
(73, 30472, 0, 0, 'TV 50P SAMSUNG CRYSTAL SMART 4K COMANDO VOZ', 3444.9, 'App/Views/ImagensProdutos/1.png'),
(74, 11524, 1, 1, 'REF 371L ELECTROLUX F.FREE 2P', 3969.9, 'App/Views/ImagensProdutos/2.png'),
(75, 15034, 1, 1, 'LAV 14 KG ELECTROLUX ESSENCIAL CARE CESTO INOX', 2809.9, 'App/Views/ImagensProdutos/3.png'),
(76, 11297, 1, 1, 'REF 375L BRASTEMP 2P FROST FREE ', 4269.9, 'App/Views/ImagensProdutos/656699b5e5922.png'),
(77, 11599, 1, 1, 'REF 490L ELECTROLUX 2P INVERTER FROST FREE BOTTOM ', 6004.9, 'App/Views/ImagensProdutos/5.png'),
(80, 30474, 0, 0, 'TV 65P SAMSUNG CRYSTAL SMART 4K COMANDO VOZ', 5254.9, 'App/Views/ImagensProdutos/8.png'),
(81, 52192, 8, 0, 'CAIXA DE SOM BOOMBOX 3 JBL 80W BLUETOOTH', 2999.9, 'App/Views/ImagensProdutos/9.png'),
(82, 49605, 8, 14, 'Celular Apple Iphone 11 64GB Single', 4604.9, 'App/Views/ImagensProdutos/10.png'),
(83, 30282, 0, 0, 'TV 32P SAMSUNG LED SMART TIZEN WIFI HD ', 1749.9, 'App/Views/ImagensProdutos/11.png'),
(84, 30473, 0, 0, 'TV 55P SAMSUNG CRYSTAL SMART 4K COMANDO VOZ', 3934.9, 'App/Views/ImagensProdutos/12.png'),
(86, 30283, 0, 0, 'TV 43P SAMSUNG LED SMART TIZEN WIFI FULL HD', 2679.9, 'App/Views/ImagensProdutos/14.png'),
(87, 12136, 1, 1, 'FREEZER 534L CONSUL 02 TAMPA CLASSIFICAÇÃO A', 5054.9, 'App/Views/ImagensProdutos/15.png'),
(88, 30428, 0, 0, 'TV 55P TCL 4K GOOGLE TV WIFI COMANDO DE VOZ', 3124.9, 'App/Views/ImagensProdutos/16.png'),
(89, 15035, 1, 1, 'LAV 17 KG ELECTROLUX ESSENCIAL CARE CESTO INOX', 3169.9, 'App/Views/ImagensProdutos/17.png'),
(90, 12212, 1, 1, 'FREEZER 314L ELECTROLUX 01 TAMPA CLASSIFICAÇÃO A', 3334.9, 'App/Views/ImagensProdutos/18.png'),
(91, 30521, 0, 0, 'TV 43P AOC LED SMART ROKU WIFI FULL HD USB HDMI', 1929.9, 'App/Views/ImagensProdutos/19.png'),
(92, 650682, 2, 0, 'COLCHÃO GAZIN LOVE STORY PKT 1,93X2,03X30 CM', 2679.9, 'App/Views/ImagensProdutos/20.png'),
(93, 30475, 0, 0, 'TV 70P SAMSUNG CRYSTAL SMART 4K COMANDO VOZ', 6739.9, 'App/Views/ImagensProdutos/21.png'),
(94, 30437, 0, 0, 'TV 65P TCL 4K GOOGLE TV WIFI COMANDO DE VOZ', 3894.9, 'App/Views/ImagensProdutos/22.png'),
(95, 120321, 0, 2, 'AR SPLIT 12.000 TCL INVERTER FRIO A', 3054.9, 'App/Views/ImagensProdutos/23.png'),
(96, 28278, 3200, 0, 'ESTOFADO TAKEI VIVIANE CANTO RETRATIL E RECLINAVEL', 5129.9, 'App/Views/ImagensProdutos/24.png'),
(97, 11638, 1, 1, 'FREEZER 309L CONSUL 01 TAMPA CLASSIFICAÇÃO A', 3599.9, 'App/Views/ImagensProdutos/25.png'),
(98, 120166, 0, 2, 'AR SPLIT 12.000 TCL FRIO - CLASS. E', 2619.9, 'App/Views/ImagensProdutos/26.png'),
(99, 650681, 2, 0, 'COLCHÃO GAZIN LOVE STORY PKT 1,58X1,98X30 CM', 2154.9, 'App/Views/ImagensProdutos/27.png'),
(100, 52359, 8, 14, 'Celular Samsung Galaxy A14 5G 128GB Dual', 1784.9, 'App/Views/ImagensProdutos/28.png'),
(101, 49606, 8, 14, 'Celular Apple Iphone 11 128GB Single', 5209.9, 'App/Views/ImagensProdutos/29.png'),
(102, 30500, 0, 0, 'RECEPTOR VIVENSIS VX10 TV SAT HD USB', 364.9, 'App/Views/ImagensProdutos/30.png'),
(103, 52431, 15, 14, 'Celular Motorola Moto G53 5G 128GB Dual', 1364.9, 'App/Views/ImagensProdutos/31.png'),
(104, 650680, 2, 0, 'COLCHAO GAZIN LOVE STORY  PKT 1,38X1,88X30 CM', 1804.9, 'App/Views/ImagensProdutos/32.png'),
(105, 11600, 3, 1, 'REF 490L ELECTROLUX 2P INVERTER FROST FREE BOTTOM ', 6459.9, 'App/Views/ImagensProdutos/33.png'),
(106, 52506, 8, 14, 'Celular Apple Iphone 14 128GB BR', 7254.9, 'App/Views/ImagensProdutos/34.png'),
(107, 52601, 1940, 14, 'Celular Motorola Moto G14 128GB Dual', 1154.9, 'App/Views/ImagensProdutos/35.png'),
(108, 30422, 0, 0, 'TV 50P TCL 4K GOOGLE TV WIFI COMANDO DE VOZ', 2694.9, 'App/Views/ImagensProdutos/36.png'),
(109, 52593, 12, 14, 'Celular Xiaomi Redmi NOTE 12 4+128GB Dual + Fone B', 1984.9, 'App/Views/ImagensProdutos/37.png'),
(110, 28150, 4036, 0, 'ROUPEIRO PANAN LUÍZA 100% MDF 3PTS 7 GVS', 1939.9, 'App/Views/ImagensProdutos/38.png'),
(111, 30476, 0, 0, 'TV 75P SAMSUNG CRYSTAL SMART 4K COMANDO VOZ', 7934.9, 'App/Views/ImagensProdutos/39.png'),
(114, 111111111, 2, 0, 'produto teste', 2999.9, 'App/Views/ImagensProdutos/6567c15c14976.jpeg');

-- --------------------------------------------------------

--
-- Estrutura da tabela `promocao`
--

CREATE TABLE `promocao` (
  `id` int(11) NOT NULL,
  `descricao` varchar(150) COLLATE latin1_general_ci NOT NULL,
  `data_cadastro` timestamp NOT NULL,
  `id_produto` int(11) NOT NULL,
  `id_cor` int(11) NOT NULL,
  `id_voltagem` int(11) NOT NULL,
  `id_filial` int(11) NOT NULL,
  `valor_promocao` float NOT NULL,
  `data_inicio` date NOT NULL,
  `data_fim` date NOT NULL,
  `id_tipo_pagamento` int(11) NOT NULL,
  `parcela_inicio` int(11) NOT NULL,
  `parcela_fim` int(11) NOT NULL,
  `id_situacao` int(11) NOT NULL
) ENGINE=InnoDB DEFAULT CHARSET=latin1 COLLATE=latin1_general_ci;

--
-- Extraindo dados da tabela `promocao`
--

INSERT INTO `promocao` (`id`, `descricao`, `data_cadastro`, `id_produto`, `id_cor`, `id_voltagem`, `id_filial`, `valor_promocao`, `data_inicio`, `data_fim`, `id_tipo_pagamento`, `parcela_inicio`, `parcela_fim`, `id_situacao`) VALUES
(13, 'Black Friday', '2023-11-29 17:24:24', 30472, 0, 0, 10019, 2699.9, '2023-11-25', '2023-12-30', 2, 0, 12, 1),
(14, 'Black Friday', '2023-11-28 03:00:00', 11524, 1, 1, 10019, 3199.9, '2023-11-25', '2023-12-30', 2, 0, 12, 1),
(15, 'Black Friday', '2023-11-28 03:00:00', 15034, 1, 1, 10019, 2199.9, '2023-11-25', '2023-12-30', 2, 0, 12, 1),
(16, 'Black Friday', '2023-11-28 03:00:00', 11297, 1, 1, 10019, 3399.9, '2023-11-25', '2023-12-30', 2, 0, 12, 1),
(17, 'Black Friday', '2023-11-28 03:00:00', 11599, 1, 1, 10019, 4799.9, '2023-11-25', '2023-12-30', 2, 0, 12, 1),
(18, 'Black Friday', '2023-11-28 03:00:00', 30474, 0, 0, 10019, 4199.9, '2023-11-25', '2023-12-30', 2, 0, 12, 1),
(19, 'Black Friday', '2023-11-28 03:00:00', 52192, 8, 0, 10019, 2399.9, '2023-11-25', '2023-12-30', 2, 0, 12, 1),
(20, 'Black Friday', '2023-11-28 03:00:00', 49605, 8, 14, 10019, 3699.9, '2023-11-25', '2023-12-30', 2, 0, 12, 1),
(21, 'Black Friday', '2023-11-28 03:00:00', 30282, 0, 0, 10019, 1399.9, '2023-11-25', '2023-12-30', 2, 0, 12, 1),
(22, 'Black Friday', '2023-11-28 03:00:00', 30473, 0, 0, 10019, 3099.9, '2023-11-25', '2023-12-30', 2, 0, 12, 1),
(23, 'Black Friday', '2023-11-28 03:00:00', 30283, 0, 0, 10019, 2099.9, '2023-11-25', '2023-12-30', 2, 0, 12, 1),
(24, 'Black Friday', '2023-11-28 03:00:00', 12136, 1, 1, 10019, 3999.9, '2023-11-25', '2023-12-30', 2, 0, 12, 1),
(25, 'Black Friday', '2023-11-28 03:00:00', 30428, 0, 0, 10019, 2499.9, '2023-11-25', '2023-12-30', 2, 0, 12, 1),
(26, 'Black Friday', '2023-11-28 03:00:00', 15035, 1, 1, 10019, 2499.9, '2023-11-25', '2023-12-30', 2, 0, 12, 1),
(27, 'Black Friday', '2023-11-28 03:00:00', 12212, 1, 1, 10019, 2699.9, '2023-11-25', '2023-12-30', 2, 0, 12, 1),
(28, 'Black Friday', '2023-11-28 03:00:00', 30521, 0, 0, 10019, 1499.9, '2023-11-25', '2023-12-30', 2, 0, 12, 1),
(29, 'Black Friday', '2023-11-28 03:00:00', 650682, 2, 0, 10019, 2099.9, '2023-11-25', '2023-12-30', 2, 0, 12, 1),
(30, 'Black Friday', '2023-11-28 03:00:00', 30475, 0, 0, 10019, 5399.9, '2023-11-25', '2023-12-30', 2, 0, 12, 1),
(31, 'Black Friday', '2023-11-28 03:00:00', 30437, 0, 0, 10019, 3099.9, '2023-11-25', '2023-12-30', 2, 0, 12, 1),
(32, 'Black Friday', '2023-11-28 03:00:00', 120321, 0, 2, 10019, 2399.9, '2023-11-25', '2023-12-30', 2, 0, 12, 1),
(33, 'Black Friday', '2023-11-28 03:00:00', 28278, 3200, 0, 10019, 4099.9, '2023-11-25', '2023-12-30', 2, 0, 12, 1),
(34, 'Black Friday', '2023-11-28 03:00:00', 11638, 1, 1, 10019, 2899.9, '2023-11-25', '2023-12-30', 2, 0, 12, 1),
(35, 'Black Friday', '2023-11-28 03:00:00', 120166, 0, 2, 10019, 2099.9, '2023-11-25', '2023-12-30', 2, 0, 12, 1),
(36, 'Black Friday', '2023-11-28 03:00:00', 650681, 2, 0, 10019, 1699.9, '2023-11-25', '2023-12-30', 2, 0, 12, 1),
(37, 'Black Friday', '2023-11-28 03:00:00', 52359, 8, 14, 10019, 1399.9, '2023-11-25', '2023-12-30', 2, 0, 12, 1),
(38, 'Black Friday', '2023-11-28 03:00:00', 49606, 8, 14, 10019, 4199.9, '2023-11-25', '2023-12-30', 2, 0, 12, 1),
(39, 'Black Friday', '2023-11-28 03:00:00', 30500, 0, 0, 10019, 299.9, '2023-11-25', '2023-12-30', 2, 0, 12, 1),
(40, 'Black Friday', '2023-11-28 03:00:00', 52431, 15, 14, 10019, 1099.9, '2023-11-25', '2023-12-30', 2, 0, 12, 1),
(41, 'Black Friday', '2023-11-28 03:00:00', 650680, 2, 0, 10019, 1399.9, '2023-11-25', '2023-12-30', 2, 0, 12, 1),
(42, 'Black Friday', '2023-11-28 03:00:00', 11600, 3, 1, 10019, 5199.9, '2023-11-25', '2023-12-30', 2, 0, 12, 1),
(43, 'Black Friday', '2023-11-28 03:00:00', 52506, 8, 14, 10019, 5799.9, '2023-11-25', '2023-12-30', 2, 0, 12, 1),
(44, 'Black Friday', '2023-11-28 03:00:00', 52601, 1940, 14, 10019, 899.9, '2023-11-25', '2023-12-30', 2, 0, 12, 1),
(45, 'Black Friday', '2023-11-28 03:00:00', 30422, 0, 0, 10019, 2199.9, '2023-11-25', '2023-12-30', 2, 0, 12, 1),
(46, 'Black Friday', '2023-11-28 03:00:00', 52593, 12, 14, 10019, 1599.9, '2023-11-25', '2023-12-30', 2, 0, 12, 1),
(47, 'Black Friday', '2023-11-28 03:00:00', 28150, 4036, 0, 10019, 1599.9, '2023-11-25', '2023-12-30', 2, 0, 12, 1),
(48, 'Black Friday', '2023-11-28 03:00:00', 30476, 0, 0, 10019, 6299.9, '2023-11-25', '2023-12-30', 2, 0, 12, 1),
(49, 'Black Friday', '2023-11-28 03:00:00', 30472, 0, 0, 10002, 2799.9, '2023-11-25', '2023-12-30', 2, 0, 12, 1),
(50, 'Black Friday', '2023-11-29 02:42:57', 11524, 1, 1, 10002, 3199.9, '2023-11-25', '2023-12-30', 2, 0, 12, 2),
(51, 'Black Friday', '2023-11-28 03:00:00', 15034, 1, 1, 10002, 2199.9, '2023-11-25', '2023-12-30', 2, 0, 12, 1),
(52, 'Black Friday', '2023-11-28 03:00:00', 11297, 1, 1, 10002, 3399.9, '2023-11-25', '2023-12-30', 2, 0, 12, 1),
(53, 'Black Friday', '2023-11-28 03:00:00', 11599, 1, 1, 10002, 4799.9, '2023-11-25', '2023-12-30', 2, 0, 12, 1),
(54, 'Black Friday', '2023-11-28 03:00:00', 30474, 0, 0, 10002, 4199.9, '2023-11-25', '2023-12-30', 2, 0, 12, 1),
(55, 'Black Friday', '2023-11-28 03:00:00', 52192, 8, 0, 10002, 2399.9, '2023-11-25', '2023-12-30', 2, 0, 12, 1),
(56, 'Black Friday', '2023-11-28 03:00:00', 49605, 8, 14, 10002, 3699.9, '2023-11-25', '2023-12-30', 2, 0, 12, 1),
(57, 'Black Friday', '2023-11-28 03:00:00', 30282, 0, 0, 10002, 1399.9, '2023-11-25', '2023-12-30', 2, 0, 12, 1),
(58, 'Black Friday', '2023-11-28 03:00:00', 30473, 0, 0, 10002, 3099.9, '2023-11-25', '2023-12-30', 2, 0, 12, 1),
(59, 'Black Friday', '2023-11-28 03:00:00', 30283, 0, 0, 10002, 2099.9, '2023-11-25', '2023-12-30', 2, 0, 12, 1),
(60, 'Black Friday', '2023-11-28 03:00:00', 12136, 1, 1, 10002, 3999.9, '2023-11-25', '2023-12-30', 2, 0, 12, 1),
(61, 'Black Friday', '2023-11-28 03:00:00', 30428, 0, 0, 10002, 2499.9, '2023-11-25', '2023-12-30', 2, 0, 12, 1),
(62, 'Black Friday', '2023-11-28 03:00:00', 15035, 1, 1, 10002, 2499.9, '2023-11-25', '2023-12-30', 2, 0, 12, 1),
(63, 'Black Friday', '2023-11-28 03:00:00', 12212, 1, 1, 10002, 2699.9, '2023-11-25', '2023-12-30', 2, 0, 12, 1),
(64, 'Black Friday', '2023-11-28 03:00:00', 30521, 0, 0, 10002, 1499.9, '2023-11-25', '2023-12-30', 2, 0, 12, 1),
(65, 'Black Friday', '2023-11-28 03:00:00', 650682, 2, 0, 10002, 2099.9, '2023-11-25', '2023-12-30', 2, 0, 12, 1),
(66, 'Black Friday', '2023-11-28 03:00:00', 30475, 0, 0, 10002, 5399.9, '2023-11-25', '2023-12-30', 2, 0, 12, 1),
(67, 'Black Friday', '2023-11-28 03:00:00', 30437, 0, 0, 10002, 3099.9, '2023-11-25', '2023-12-30', 2, 0, 12, 1),
(68, 'Black Friday', '2023-11-28 03:00:00', 120321, 0, 2, 10002, 2399.9, '2023-11-25', '2023-12-30', 2, 0, 12, 1),
(69, 'Black Friday', '2023-11-28 03:00:00', 28278, 3200, 0, 10002, 4099.9, '2023-11-25', '2023-12-30', 2, 0, 12, 1),
(70, 'Black Friday', '2023-11-28 03:00:00', 11638, 1, 1, 10002, 2899.9, '2023-11-25', '2023-12-30', 2, 0, 12, 1),
(71, 'Black Friday', '2023-11-28 03:00:00', 120166, 0, 2, 10002, 2099.9, '2023-11-25', '2023-12-30', 2, 0, 12, 1),
(72, 'Black Friday', '2023-11-28 03:00:00', 650681, 2, 0, 10002, 1699.9, '2023-11-25', '2023-12-30', 2, 0, 12, 1),
(73, 'Black Friday', '2023-11-28 03:00:00', 52359, 8, 14, 10002, 1399.9, '2023-11-25', '2023-12-30', 2, 0, 12, 1),
(74, 'Black Friday', '2023-11-28 03:00:00', 49606, 8, 14, 10002, 4199.9, '2023-11-25', '2023-12-30', 2, 0, 12, 1),
(75, 'Black Friday', '2023-11-28 03:00:00', 30500, 0, 0, 10002, 299.9, '2023-11-25', '2023-12-30', 2, 0, 12, 1),
(76, 'Black Friday', '2023-11-28 03:00:00', 52431, 15, 14, 10002, 1099.9, '2023-11-25', '2023-12-30', 2, 0, 12, 1),
(77, 'Black Friday', '2023-11-28 03:00:00', 650680, 2, 0, 10002, 1399.9, '2023-11-25', '2023-12-30', 2, 0, 12, 1),
(78, 'Black Friday', '2023-11-28 03:00:00', 11600, 3, 1, 10002, 5199.9, '2023-11-25', '2023-12-30', 2, 0, 12, 1),
(79, 'Black Friday', '2023-11-28 03:00:00', 52506, 8, 14, 10002, 5799.9, '2023-11-25', '2023-12-30', 2, 0, 12, 1),
(80, 'Black Friday', '2023-11-28 03:00:00', 52601, 1940, 14, 10002, 899.9, '2023-11-25', '2023-12-30', 2, 0, 12, 1),
(81, 'Black Friday', '2023-11-28 03:00:00', 30422, 0, 0, 10002, 2199.9, '2023-11-25', '2023-12-30', 2, 0, 12, 1),
(82, 'Black Friday', '2023-11-28 03:00:00', 52593, 12, 14, 10002, 1599.9, '2023-11-25', '2023-12-30', 2, 0, 12, 1),
(83, 'Black Friday', '2023-11-28 03:00:00', 28150, 4036, 0, 10002, 1599.9, '2023-11-25', '2023-12-30', 2, 0, 12, 1),
(84, 'Black Friday', '2023-11-28 03:00:00', 30476, 0, 0, 10002, 6299.9, '2023-11-25', '2023-12-30', 2, 0, 12, 1),
(85, 'Black Friday', '2023-11-28 03:00:00', 30472, 0, 0, 10005, 2799.9, '2023-11-25', '2023-12-30', 2, 0, 12, 1),
(86, 'Black Friday', '2023-11-28 03:00:00', 11524, 1, 1, 10005, 3199.9, '2023-11-25', '2023-12-30', 2, 0, 12, 1),
(87, 'Black Friday', '2023-11-28 03:00:00', 15034, 1, 1, 10005, 2199.9, '2023-11-25', '2023-12-30', 2, 0, 12, 1),
(88, 'Black Friday', '2023-11-28 03:00:00', 11297, 1, 1, 10005, 3399.9, '2023-11-25', '2023-12-30', 2, 0, 12, 1),
(89, 'Black Friday', '2023-11-28 03:00:00', 11599, 1, 1, 10005, 4799.9, '2023-11-25', '2023-12-30', 2, 0, 12, 1),
(90, 'Black Friday', '2023-11-28 03:00:00', 30474, 0, 0, 10005, 4199.9, '2023-11-25', '2023-12-30', 2, 0, 12, 1),
(91, 'Black Friday', '2023-11-28 03:00:00', 52192, 8, 0, 10005, 2399.9, '2023-11-25', '2023-12-30', 2, 0, 12, 1),
(92, 'Black Friday', '2023-11-28 03:00:00', 49605, 8, 14, 10005, 3699.9, '2023-11-25', '2023-12-30', 2, 0, 12, 1),
(93, 'Black Friday', '2023-11-28 03:00:00', 30282, 0, 0, 10005, 1399.9, '2023-11-25', '2023-12-30', 2, 0, 12, 1),
(94, 'Black Friday', '2023-11-28 03:00:00', 30473, 0, 0, 10005, 3099.9, '2023-11-25', '2023-12-30', 2, 0, 12, 1),
(95, 'Black Friday', '2023-11-28 03:00:00', 30283, 0, 0, 10005, 2099.9, '2023-11-25', '2023-12-30', 2, 0, 12, 1),
(96, 'Black Friday', '2023-11-28 03:00:00', 12136, 1, 1, 10005, 3999.9, '2023-11-25', '2023-12-30', 2, 0, 12, 1),
(97, 'Black Friday', '2023-11-28 03:00:00', 30428, 0, 0, 10005, 2499.9, '2023-11-25', '2023-12-30', 2, 0, 12, 1),
(98, 'Black Friday', '2023-11-28 03:00:00', 15035, 1, 1, 10005, 2499.9, '2023-11-25', '2023-12-30', 2, 0, 12, 1),
(99, 'Black Friday', '2023-11-28 03:00:00', 12212, 1, 1, 10005, 2699.9, '2023-11-25', '2023-12-30', 2, 0, 12, 1),
(100, 'Black Friday', '2023-11-28 03:00:00', 30521, 0, 0, 10005, 1499.9, '2023-11-25', '2023-12-30', 2, 0, 12, 1),
(101, 'Black Friday', '2023-11-28 03:00:00', 650682, 2, 0, 10005, 2099.9, '2023-11-25', '2023-12-30', 2, 0, 12, 1),
(102, 'Black Friday', '2023-11-28 03:00:00', 30475, 0, 0, 10005, 5399.9, '2023-11-25', '2023-12-30', 2, 0, 12, 1),
(103, 'Black Friday', '2023-11-28 03:00:00', 30437, 0, 0, 10005, 3099.9, '2023-11-25', '2023-12-30', 2, 0, 12, 1),
(104, 'Black Friday', '2023-11-28 03:00:00', 120321, 0, 2, 10005, 2399.9, '2023-11-25', '2023-12-30', 2, 0, 12, 1),
(105, 'Black Friday', '2023-11-28 03:00:00', 28278, 3200, 0, 10005, 4099.9, '2023-11-25', '2023-12-30', 2, 0, 12, 1),
(106, 'Black Friday', '2023-11-28 03:00:00', 11638, 1, 1, 10005, 2899.9, '2023-11-25', '2023-12-30', 2, 0, 12, 1),
(107, 'Black Friday', '2023-11-28 03:00:00', 120166, 0, 2, 10005, 2099.9, '2023-11-25', '2023-12-30', 2, 0, 12, 1),
(108, 'Black Friday', '2023-11-28 03:00:00', 650681, 2, 0, 10005, 1699.9, '2023-11-25', '2023-12-30', 2, 0, 12, 1),
(109, 'Black Friday', '2023-11-28 03:00:00', 52359, 8, 14, 10005, 1399.9, '2023-11-25', '2023-12-30', 2, 0, 12, 1),
(110, 'Black Friday', '2023-11-28 03:00:00', 49606, 8, 14, 10005, 4199.9, '2023-11-25', '2023-12-30', 2, 0, 12, 1),
(111, 'Black Friday', '2023-11-28 03:00:00', 30500, 0, 0, 10005, 299.9, '2023-11-25', '2023-12-30', 2, 0, 12, 1),
(112, 'Black Friday', '2023-11-28 03:00:00', 52431, 15, 14, 10005, 1099.9, '2023-11-25', '2023-12-30', 2, 0, 12, 1),
(113, 'Black Friday', '2023-11-28 03:00:00', 650680, 2, 0, 10005, 1399.9, '2023-11-25', '2023-12-30', 2, 0, 12, 1),
(114, 'Black Friday', '2023-11-28 03:00:00', 11600, 3, 1, 10005, 5199.9, '2023-11-25', '2023-12-30', 2, 0, 12, 1),
(115, 'Black Friday', '2023-11-28 03:00:00', 52506, 8, 14, 10005, 5799.9, '2023-11-25', '2023-12-30', 2, 0, 12, 1),
(116, 'Black Friday', '2023-11-28 03:00:00', 52601, 1940, 14, 10005, 899.9, '2023-11-25', '2023-12-30', 2, 0, 12, 1),
(117, 'Black Friday', '2023-11-28 03:00:00', 30422, 0, 0, 10005, 2199.9, '2023-11-25', '2023-12-30', 2, 0, 12, 1),
(118, 'Black Friday', '2023-11-28 03:00:00', 52593, 12, 14, 10005, 1599.9, '2023-11-25', '2023-12-30', 2, 0, 12, 1),
(119, 'Black Friday', '2023-11-28 03:00:00', 28150, 4036, 0, 10005, 1599.9, '2023-11-25', '2023-12-30', 2, 0, 12, 1),
(120, 'Black Friday', '2023-11-28 03:00:00', 30476, 0, 0, 10005, 6299.9, '2023-11-25', '2023-12-30', 2, 0, 12, 1),
(121, 'Black Friday', '2023-11-28 03:00:00', 30472, 0, 0, 10006, 2799.9, '2023-11-25', '2023-12-30', 2, 0, 12, 1),
(122, 'Black Friday', '2023-11-28 03:00:00', 11524, 1, 1, 10006, 3199.9, '2023-11-25', '2023-12-30', 2, 0, 12, 1),
(123, 'Black Friday', '2023-11-28 03:00:00', 15034, 1, 1, 10006, 2199.9, '2023-11-25', '2023-12-30', 2, 0, 12, 1),
(124, 'Black Friday', '2023-11-28 03:00:00', 11297, 1, 1, 10006, 3399.9, '2023-11-25', '2023-12-30', 2, 0, 12, 1),
(125, 'Black Friday', '2023-11-28 03:00:00', 11599, 1, 1, 10006, 4799.9, '2023-11-25', '2023-12-30', 2, 0, 12, 1),
(126, 'Black Friday', '2023-11-28 03:00:00', 30474, 0, 0, 10006, 4199.9, '2023-11-25', '2023-12-30', 2, 0, 12, 1),
(127, 'Black Friday', '2023-11-28 03:00:00', 52192, 8, 0, 10006, 2399.9, '2023-11-25', '2023-12-30', 2, 0, 12, 1),
(128, 'Black Friday', '2023-11-28 03:00:00', 49605, 8, 14, 10006, 3699.9, '2023-11-25', '2023-12-30', 2, 0, 12, 1),
(129, 'Black Friday', '2023-11-28 03:00:00', 30282, 0, 0, 10006, 1399.9, '2023-11-25', '2023-12-30', 2, 0, 12, 1),
(130, 'Black Friday', '2023-11-28 03:00:00', 30473, 0, 0, 10006, 3099.9, '2023-11-25', '2023-12-30', 2, 0, 12, 1),
(131, 'Black Friday', '2023-11-28 03:00:00', 30283, 0, 0, 10006, 2099.9, '2023-11-25', '2023-12-30', 2, 0, 12, 1),
(132, 'Black Friday', '2023-11-28 03:00:00', 12136, 1, 1, 10006, 3999.9, '2023-11-25', '2023-12-30', 2, 0, 12, 1),
(133, 'Black Friday', '2023-11-28 03:00:00', 30428, 0, 0, 10006, 2499.9, '2023-11-25', '2023-12-30', 2, 0, 12, 1),
(134, 'Black Friday', '2023-11-28 03:00:00', 15035, 1, 1, 10006, 2499.9, '2023-11-25', '2023-12-30', 2, 0, 12, 1),
(135, 'Black Friday', '2023-11-28 03:00:00', 12212, 1, 1, 10006, 2699.9, '2023-11-25', '2023-12-30', 2, 0, 12, 1),
(136, 'Black Friday', '2023-11-28 03:00:00', 30521, 0, 0, 10006, 1499.9, '2023-11-25', '2023-12-30', 2, 0, 12, 1),
(137, 'Black Friday', '2023-11-28 03:00:00', 650682, 2, 0, 10006, 2099.9, '2023-11-25', '2023-12-30', 2, 0, 12, 1),
(138, 'Black Friday', '2023-11-28 03:00:00', 30475, 0, 0, 10006, 5399.9, '2023-11-25', '2023-12-30', 2, 0, 12, 1),
(139, 'Black Friday', '2023-11-28 03:00:00', 30437, 0, 0, 10006, 3099.9, '2023-11-25', '2023-12-30', 2, 0, 12, 1),
(140, 'Black Friday', '2023-11-28 03:00:00', 120321, 0, 2, 10006, 2399.9, '2023-11-25', '2023-12-30', 2, 0, 12, 1),
(141, 'Black Friday', '2023-11-28 03:00:00', 28278, 3200, 0, 10006, 4099.9, '2023-11-25', '2023-12-30', 2, 0, 12, 1),
(142, 'Black Friday', '2023-11-28 03:00:00', 11638, 1, 1, 10006, 2899.9, '2023-11-25', '2023-12-30', 2, 0, 12, 1),
(143, 'Black Friday', '2023-11-28 03:00:00', 120166, 0, 2, 10006, 2099.9, '2023-11-25', '2023-12-30', 2, 0, 12, 1),
(144, 'Black Friday', '2023-11-28 03:00:00', 650681, 2, 0, 10006, 1699.9, '2023-11-25', '2023-12-30', 2, 0, 12, 1),
(145, 'Black Friday', '2023-11-28 03:00:00', 52359, 8, 14, 10006, 1399.9, '2023-11-25', '2023-12-30', 2, 0, 12, 1),
(146, 'Black Friday', '2023-11-28 03:00:00', 49606, 8, 14, 10006, 4199.9, '2023-11-25', '2023-12-30', 2, 0, 12, 1),
(147, 'Black Friday', '2023-11-28 03:00:00', 30500, 0, 0, 10006, 299.9, '2023-11-25', '2023-12-30', 2, 0, 12, 1),
(148, 'Black Friday', '2023-11-28 03:00:00', 52431, 15, 14, 10006, 1099.9, '2023-11-25', '2023-12-30', 2, 0, 12, 1),
(149, 'Black Friday', '2023-11-28 03:00:00', 650680, 2, 0, 10006, 1399.9, '2023-11-25', '2023-12-30', 2, 0, 12, 1),
(150, 'Black Friday', '2023-11-28 03:00:00', 11600, 3, 1, 10006, 5199.9, '2023-11-25', '2023-12-30', 2, 0, 12, 1),
(151, 'Black Friday', '2023-11-28 03:00:00', 52506, 8, 14, 10006, 5799.9, '2023-11-25', '2023-12-30', 2, 0, 12, 1),
(152, 'Black Friday', '2023-11-28 03:00:00', 52601, 1940, 14, 10006, 899.9, '2023-11-25', '2023-12-30', 2, 0, 12, 1),
(153, 'Black Friday', '2023-11-28 03:00:00', 30422, 0, 0, 10006, 2199.9, '2023-11-25', '2023-12-30', 2, 0, 12, 1),
(154, 'Black Friday', '2023-11-28 03:00:00', 52593, 12, 14, 10006, 1599.9, '2023-11-25', '2023-12-30', 2, 0, 12, 1),
(155, 'Black Friday', '2023-11-28 03:00:00', 28150, 4036, 0, 10006, 1599.9, '2023-11-25', '2023-12-30', 2, 0, 12, 1),
(156, 'Black Friday', '2023-11-28 03:00:00', 30476, 0, 0, 10006, 6299.9, '2023-11-25', '2023-12-30', 2, 0, 12, 1),
(157, 'Black Friday', '2023-11-28 03:00:00', 30472, 0, 0, 10008, 2799.9, '2023-11-25', '2023-12-30', 2, 0, 12, 1),
(158, 'Black Friday', '2023-11-28 03:00:00', 11524, 1, 1, 10008, 3199.9, '2023-11-25', '2023-12-30', 2, 0, 12, 1),
(159, 'Black Friday', '2023-11-28 03:00:00', 15034, 1, 1, 10008, 2199.9, '2023-11-25', '2023-12-30', 2, 0, 12, 1),
(160, 'Black Friday', '2023-11-28 03:00:00', 11297, 1, 1, 10008, 3399.9, '2023-11-25', '2023-12-30', 2, 0, 12, 1),
(161, 'Black Friday', '2023-11-28 03:00:00', 11599, 1, 1, 10008, 4799.9, '2023-11-25', '2023-12-30', 2, 0, 12, 1),
(162, 'Black Friday', '2023-11-28 03:00:00', 30474, 0, 0, 10008, 4199.9, '2023-11-25', '2023-12-30', 2, 0, 12, 1),
(163, 'Black Friday', '2023-11-28 03:00:00', 52192, 8, 0, 10008, 2399.9, '2023-11-25', '2023-12-30', 2, 0, 12, 1),
(164, 'Black Friday', '2023-11-28 03:00:00', 49605, 8, 14, 10008, 3699.9, '2023-11-25', '2023-12-30', 2, 0, 12, 1),
(165, 'Black Friday', '2023-11-28 03:00:00', 30282, 0, 0, 10008, 1399.9, '2023-11-25', '2023-12-30', 2, 0, 12, 1),
(166, 'Black Friday', '2023-11-28 03:00:00', 30473, 0, 0, 10008, 3099.9, '2023-11-25', '2023-12-30', 2, 0, 12, 1),
(167, 'Black Friday', '2023-11-28 03:00:00', 30283, 0, 0, 10008, 2099.9, '2023-11-25', '2023-12-30', 2, 0, 12, 1),
(168, 'Black Friday', '2023-11-28 03:00:00', 12136, 1, 1, 10008, 3999.9, '2023-11-25', '2023-12-30', 2, 0, 12, 1),
(169, 'Black Friday', '2023-11-28 03:00:00', 30428, 0, 0, 10008, 2499.9, '2023-11-25', '2023-12-30', 2, 0, 12, 1),
(170, 'Black Friday', '2023-11-28 03:00:00', 15035, 1, 1, 10008, 2499.9, '2023-11-25', '2023-12-30', 2, 0, 12, 1),
(171, 'Black Friday', '2023-11-28 03:00:00', 12212, 1, 1, 10008, 2699.9, '2023-11-25', '2023-12-30', 2, 0, 12, 1),
(172, 'Black Friday', '2023-11-28 03:00:00', 30521, 0, 0, 10008, 1499.9, '2023-11-25', '2023-12-30', 2, 0, 12, 1),
(173, 'Black Friday', '2023-11-28 03:00:00', 650682, 2, 0, 10008, 2099.9, '2023-11-25', '2023-12-30', 2, 0, 12, 1),
(174, 'Black Friday', '2023-11-28 03:00:00', 30475, 0, 0, 10008, 5399.9, '2023-11-25', '2023-12-30', 2, 0, 12, 1),
(175, 'Black Friday', '2023-11-28 03:00:00', 30437, 0, 0, 10008, 3099.9, '2023-11-25', '2023-12-30', 2, 0, 12, 1),
(176, 'Black Friday', '2023-11-28 03:00:00', 120321, 0, 2, 10008, 2399.9, '2023-11-25', '2023-12-30', 2, 0, 12, 1),
(177, 'Black Friday', '2023-11-28 03:00:00', 28278, 3200, 0, 10008, 4099.9, '2023-11-25', '2023-12-30', 2, 0, 12, 1),
(178, 'Black Friday', '2023-11-28 03:00:00', 11638, 1, 1, 10008, 2899.9, '2023-11-25', '2023-12-30', 2, 0, 12, 1),
(179, 'Black Friday', '2023-11-28 03:00:00', 120166, 0, 2, 10008, 2099.9, '2023-11-25', '2023-12-30', 2, 0, 12, 1),
(180, 'Black Friday', '2023-11-28 03:00:00', 650681, 2, 0, 10008, 1699.9, '2023-11-25', '2023-12-30', 2, 0, 12, 1),
(181, 'Black Friday', '2023-11-28 03:00:00', 52359, 8, 14, 10008, 1399.9, '2023-11-25', '2023-12-30', 2, 0, 12, 1),
(182, 'Black Friday', '2023-11-28 03:00:00', 49606, 8, 14, 10008, 4199.9, '2023-11-25', '2023-12-30', 2, 0, 12, 1),
(183, 'Black Friday', '2023-11-28 03:00:00', 30500, 0, 0, 10008, 299.9, '2023-11-25', '2023-12-30', 2, 0, 12, 1),
(184, 'Black Friday', '2023-11-28 03:00:00', 52431, 15, 14, 10008, 1099.9, '2023-11-25', '2023-12-30', 2, 0, 12, 1),
(185, 'Black Friday', '2023-11-28 03:00:00', 650680, 2, 0, 10008, 1399.9, '2023-11-25', '2023-12-30', 2, 0, 12, 1),
(186, 'Black Friday', '2023-11-28 03:00:00', 11600, 3, 1, 10008, 5199.9, '2023-11-25', '2023-12-30', 2, 0, 12, 1),
(187, 'Black Friday', '2023-11-28 03:00:00', 52506, 8, 14, 10008, 5799.9, '2023-11-25', '2023-12-30', 2, 0, 12, 1),
(188, 'Black Friday', '2023-11-28 03:00:00', 52601, 1940, 14, 10008, 899.9, '2023-11-25', '2023-12-30', 2, 0, 12, 1),
(189, 'Black Friday', '2023-11-28 03:00:00', 30422, 0, 0, 10008, 2199.9, '2023-11-25', '2023-12-30', 2, 0, 12, 1),
(190, 'Black Friday', '2023-11-28 03:00:00', 52593, 12, 14, 10008, 1599.9, '2023-11-25', '2023-12-30', 2, 0, 12, 1),
(191, 'Black Friday', '2023-11-28 03:00:00', 28150, 4036, 0, 10008, 1599.9, '2023-11-25', '2023-12-30', 2, 0, 12, 1),
(192, 'Black Friday', '2023-11-28 03:00:00', 30476, 0, 0, 10008, 6299.9, '2023-11-25', '2023-12-30', 2, 0, 12, 1),
(193, 'Black Friday', '2023-11-28 03:00:00', 30472, 0, 0, 10009, 2799.9, '2023-11-25', '2023-12-30', 2, 0, 12, 1),
(194, 'Black Friday', '2023-11-28 03:00:00', 11524, 1, 1, 10009, 3199.9, '2023-11-25', '2023-12-30', 2, 0, 12, 1),
(195, 'Black Friday', '2023-11-28 03:00:00', 15034, 1, 1, 10009, 2199.9, '2023-11-25', '2023-12-30', 2, 0, 12, 1),
(196, 'Black Friday', '2023-11-28 03:00:00', 11297, 1, 1, 10009, 3399.9, '2023-11-25', '2023-12-30', 2, 0, 12, 1),
(197, 'Black Friday', '2023-11-28 03:00:00', 11599, 1, 1, 10009, 4799.9, '2023-11-25', '2023-12-30', 2, 0, 12, 1),
(198, 'Black Friday', '2023-11-28 03:00:00', 30474, 0, 0, 10009, 4199.9, '2023-11-25', '2023-12-30', 2, 0, 12, 1),
(199, 'Black Friday', '2023-11-28 03:00:00', 52192, 8, 0, 10009, 2399.9, '2023-11-25', '2023-12-30', 2, 0, 12, 1),
(200, 'Black Friday', '2023-11-28 03:00:00', 49605, 8, 14, 10009, 3699.9, '2023-11-25', '2023-12-30', 2, 0, 12, 1),
(201, 'Black Friday', '2023-11-28 03:00:00', 30282, 0, 0, 10009, 1399.9, '2023-11-25', '2023-12-30', 2, 0, 12, 1),
(202, 'Black Friday', '2023-11-28 03:00:00', 30473, 0, 0, 10009, 3099.9, '2023-11-25', '2023-12-30', 2, 0, 12, 1),
(203, 'Black Friday', '2023-11-28 03:00:00', 30283, 0, 0, 10009, 2099.9, '2023-11-25', '2023-12-30', 2, 0, 12, 1),
(204, 'Black Friday', '2023-11-28 03:00:00', 12136, 1, 1, 10009, 3999.9, '2023-11-25', '2023-12-30', 2, 0, 12, 1),
(205, 'Black Friday', '2023-11-28 03:00:00', 30428, 0, 0, 10009, 2499.9, '2023-11-25', '2023-12-30', 2, 0, 12, 1),
(206, 'Black Friday', '2023-11-28 03:00:00', 15035, 1, 1, 10009, 2499.9, '2023-11-25', '2023-12-30', 2, 0, 12, 1),
(207, 'Black Friday', '2023-11-28 03:00:00', 12212, 1, 1, 10009, 2699.9, '2023-11-25', '2023-12-30', 2, 0, 12, 1),
(208, 'Black Friday', '2023-11-28 03:00:00', 30521, 0, 0, 10009, 1499.9, '2023-11-25', '2023-12-30', 2, 0, 12, 1),
(209, 'Black Friday', '2023-11-28 03:00:00', 650682, 2, 0, 10009, 2099.9, '2023-11-25', '2023-12-30', 2, 0, 12, 1),
(210, 'Black Friday', '2023-11-28 03:00:00', 30475, 0, 0, 10009, 5399.9, '2023-11-25', '2023-12-30', 2, 0, 12, 1),
(211, 'Black Friday', '2023-11-28 03:00:00', 30437, 0, 0, 10009, 3099.9, '2023-11-25', '2023-12-30', 2, 0, 12, 1),
(212, 'Black Friday', '2023-11-28 03:00:00', 120321, 0, 2, 10009, 2399.9, '2023-11-25', '2023-12-30', 2, 0, 12, 1),
(213, 'Black Friday', '2023-11-28 03:00:00', 28278, 3200, 0, 10009, 4099.9, '2023-11-25', '2023-12-30', 2, 0, 12, 1),
(214, 'Black Friday', '2023-11-28 03:00:00', 11638, 1, 1, 10009, 2899.9, '2023-11-25', '2023-12-30', 2, 0, 12, 1),
(215, 'Black Friday', '2023-11-28 03:00:00', 120166, 0, 2, 10009, 2099.9, '2023-11-25', '2023-12-30', 2, 0, 12, 1),
(216, 'Black Friday', '2023-11-28 03:00:00', 650681, 2, 0, 10009, 1699.9, '2023-11-25', '2023-12-30', 2, 0, 12, 1),
(217, 'Black Friday', '2023-11-28 03:00:00', 52359, 8, 14, 10009, 1399.9, '2023-11-25', '2023-12-30', 2, 0, 12, 1),
(218, 'Black Friday', '2023-11-28 03:00:00', 49606, 8, 14, 10009, 4199.9, '2023-11-25', '2023-12-30', 2, 0, 12, 1),
(219, 'Black Friday', '2023-11-28 03:00:00', 30500, 0, 0, 10009, 299.9, '2023-11-25', '2023-12-30', 2, 0, 12, 1),
(220, 'Black Friday', '2023-11-28 03:00:00', 52431, 15, 14, 10009, 1099.9, '2023-11-25', '2023-12-30', 2, 0, 12, 1),
(221, 'Black Friday', '2023-11-28 03:00:00', 650680, 2, 0, 10009, 1399.9, '2023-11-25', '2023-12-30', 2, 0, 12, 1),
(222, 'Black Friday', '2023-11-28 03:00:00', 11600, 3, 1, 10009, 5199.9, '2023-11-25', '2023-12-30', 2, 0, 12, 1),
(223, 'Black Friday', '2023-11-28 03:00:00', 52506, 8, 14, 10009, 5799.9, '2023-11-25', '2023-12-30', 2, 0, 12, 1),
(224, 'Black Friday', '2023-11-28 03:00:00', 52601, 1940, 14, 10009, 899.9, '2023-11-25', '2023-12-30', 2, 0, 12, 1),
(225, 'Black Friday', '2023-11-28 03:00:00', 30422, 0, 0, 10009, 2199.9, '2023-11-25', '2023-12-30', 2, 0, 12, 1),
(226, 'Black Friday', '2023-11-28 03:00:00', 52593, 12, 14, 10009, 1599.9, '2023-11-25', '2023-12-30', 2, 0, 12, 1),
(227, 'Black Friday', '2023-11-28 03:00:00', 28150, 4036, 0, 10009, 1599.9, '2023-11-25', '2023-12-30', 2, 0, 12, 1),
(228, 'Black Friday', '2023-11-28 03:00:00', 30476, 0, 0, 10009, 6299.9, '2023-11-25', '2023-12-30', 2, 0, 12, 1),
(229, 'Black Friday', '2023-11-28 03:00:00', 30472, 0, 0, 10010, 2799.9, '2023-11-25', '2023-12-30', 2, 0, 12, 1),
(230, 'Black Friday', '2023-11-28 03:00:00', 11524, 1, 1, 10010, 3199.9, '2023-11-25', '2023-12-30', 2, 0, 12, 1),
(231, 'Black Friday', '2023-11-28 03:00:00', 15034, 1, 1, 10010, 2199.9, '2023-11-25', '2023-12-30', 2, 0, 12, 1),
(232, 'Black Friday', '2023-11-28 03:00:00', 11297, 1, 1, 10010, 3399.9, '2023-11-25', '2023-12-30', 2, 0, 12, 1),
(233, 'Black Friday', '2023-11-28 03:00:00', 11599, 1, 1, 10010, 4799.9, '2023-11-25', '2023-12-30', 2, 0, 12, 1),
(234, 'Black Friday', '2023-11-28 03:00:00', 30474, 0, 0, 10010, 4199.9, '2023-11-25', '2023-12-30', 2, 0, 12, 1),
(235, 'Black Friday', '2023-11-28 03:00:00', 52192, 8, 0, 10010, 2399.9, '2023-11-25', '2023-12-30', 2, 0, 12, 1),
(236, 'Black Friday', '2023-11-28 03:00:00', 49605, 8, 14, 10010, 3699.9, '2023-11-25', '2023-12-30', 2, 0, 12, 1),
(237, 'Black Friday', '2023-11-28 03:00:00', 30282, 0, 0, 10010, 1399.9, '2023-11-25', '2023-12-30', 2, 0, 12, 1),
(238, 'Black Friday', '2023-11-28 03:00:00', 30473, 0, 0, 10010, 3099.9, '2023-11-25', '2023-12-30', 2, 0, 12, 1),
(239, 'Black Friday', '2023-11-28 03:00:00', 30283, 0, 0, 10010, 2099.9, '2023-11-25', '2023-12-30', 2, 0, 12, 1),
(240, 'Black Friday', '2023-11-28 03:00:00', 12136, 1, 1, 10010, 3999.9, '2023-11-25', '2023-12-30', 2, 0, 12, 1),
(241, 'Black Friday', '2023-11-28 03:00:00', 30428, 0, 0, 10010, 2499.9, '2023-11-25', '2023-12-30', 2, 0, 12, 1),
(242, 'Black Friday', '2023-11-28 03:00:00', 15035, 1, 1, 10010, 2499.9, '2023-11-25', '2023-12-30', 2, 0, 12, 1),
(243, 'Black Friday', '2023-11-28 03:00:00', 12212, 1, 1, 10010, 2699.9, '2023-11-25', '2023-12-30', 2, 0, 12, 1),
(244, 'Black Friday', '2023-11-28 03:00:00', 30521, 0, 0, 10010, 1499.9, '2023-11-25', '2023-12-30', 2, 0, 12, 1),
(245, 'Black Friday', '2023-11-28 03:00:00', 650682, 2, 0, 10010, 2099.9, '2023-11-25', '2023-12-30', 2, 0, 12, 1),
(246, 'Black Friday', '2023-11-28 03:00:00', 30475, 0, 0, 10010, 5399.9, '2023-11-25', '2023-12-30', 2, 0, 12, 1),
(247, 'Black Friday', '2023-11-28 03:00:00', 30437, 0, 0, 10010, 3099.9, '2023-11-25', '2023-12-30', 2, 0, 12, 1),
(248, 'Black Friday', '2023-11-28 03:00:00', 120321, 0, 2, 10010, 2399.9, '2023-11-25', '2023-12-30', 2, 0, 12, 1),
(249, 'Black Friday', '2023-11-28 03:00:00', 28278, 3200, 0, 10010, 4099.9, '2023-11-25', '2023-12-30', 2, 0, 12, 1),
(250, 'Black Friday', '2023-11-28 03:00:00', 11638, 1, 1, 10010, 2899.9, '2023-11-25', '2023-12-30', 2, 0, 12, 1),
(251, 'Black Friday', '2023-11-28 03:00:00', 120166, 0, 2, 10010, 2099.9, '2023-11-25', '2023-12-30', 2, 0, 12, 1),
(252, 'Black Friday', '2023-11-28 03:00:00', 650681, 2, 0, 10010, 1699.9, '2023-11-25', '2023-12-30', 2, 0, 12, 1),
(253, 'Black Friday', '2023-11-28 03:00:00', 52359, 8, 14, 10010, 1399.9, '2023-11-25', '2023-12-30', 2, 0, 12, 1),
(254, 'Black Friday', '2023-11-28 03:00:00', 49606, 8, 14, 10010, 4199.9, '2023-11-25', '2023-12-30', 2, 0, 12, 1),
(255, 'Black Friday', '2023-11-28 03:00:00', 30500, 0, 0, 10010, 299.9, '2023-11-25', '2023-12-30', 2, 0, 12, 1),
(256, 'Black Friday', '2023-11-28 03:00:00', 52431, 15, 14, 10010, 1099.9, '2023-11-25', '2023-12-30', 2, 0, 12, 1),
(257, 'Black Friday', '2023-11-28 03:00:00', 650680, 2, 0, 10010, 1399.9, '2023-11-25', '2023-12-30', 2, 0, 12, 1),
(258, 'Black Friday', '2023-11-28 03:00:00', 11600, 3, 1, 10010, 5199.9, '2023-11-25', '2023-12-30', 2, 0, 12, 1),
(259, 'Black Friday', '2023-11-28 03:00:00', 52506, 8, 14, 10010, 5799.9, '2023-11-25', '2023-12-30', 2, 0, 12, 1),
(260, 'Black Friday', '2023-11-28 03:00:00', 52601, 1940, 14, 10010, 899.9, '2023-11-25', '2023-12-30', 2, 0, 12, 1),
(261, 'Black Friday', '2023-11-28 03:00:00', 30422, 0, 0, 10010, 2199.9, '2023-11-25', '2023-12-30', 2, 0, 12, 1),
(262, 'Black Friday', '2023-11-28 03:00:00', 52593, 12, 14, 10010, 1599.9, '2023-11-25', '2023-12-30', 2, 0, 12, 1),
(263, 'Black Friday', '2023-11-28 03:00:00', 28150, 4036, 0, 10010, 1599.9, '2023-11-25', '2023-12-30', 2, 0, 12, 1),
(264, 'Black Friday', '2023-11-28 03:00:00', 30476, 0, 0, 10010, 6299.9, '2023-11-25', '2023-12-30', 2, 0, 12, 1),
(265, 'Black Friday', '2023-11-28 03:00:00', 30472, 0, 0, 10011, 2799.9, '2023-11-25', '2023-12-30', 2, 0, 12, 1),
(266, 'Black Friday', '2023-11-28 03:00:00', 11524, 1, 1, 10011, 3199.9, '2023-11-25', '2023-12-30', 2, 0, 12, 1),
(267, 'Black Friday', '2023-11-28 03:00:00', 15034, 1, 1, 10011, 2199.9, '2023-11-25', '2023-12-30', 2, 0, 12, 1),
(268, 'Black Friday', '2023-11-28 03:00:00', 11297, 1, 1, 10011, 3399.9, '2023-11-25', '2023-12-30', 2, 0, 12, 1),
(269, 'Black Friday', '2023-11-28 03:00:00', 11599, 1, 1, 10011, 4799.9, '2023-11-25', '2023-12-30', 2, 0, 12, 1),
(270, 'Black Friday', '2023-11-28 03:00:00', 30474, 0, 0, 10011, 4199.9, '2023-11-25', '2023-12-30', 2, 0, 12, 1),
(271, 'Black Friday', '2023-11-28 03:00:00', 52192, 8, 0, 10011, 2399.9, '2023-11-25', '2023-12-30', 2, 0, 12, 1),
(272, 'Black Friday', '2023-11-28 03:00:00', 49605, 8, 14, 10011, 3699.9, '2023-11-25', '2023-12-30', 2, 0, 12, 1),
(273, 'Black Friday', '2023-11-28 03:00:00', 30282, 0, 0, 10011, 1399.9, '2023-11-25', '2023-12-30', 2, 0, 12, 1),
(274, 'Black Friday', '2023-11-28 03:00:00', 30473, 0, 0, 10011, 3099.9, '2023-11-25', '2023-12-30', 2, 0, 12, 1),
(275, 'Black Friday', '2023-11-28 03:00:00', 30283, 0, 0, 10011, 2099.9, '2023-11-25', '2023-12-30', 2, 0, 12, 1),
(276, 'Black Friday', '2023-11-28 03:00:00', 12136, 1, 1, 10011, 3999.9, '2023-11-25', '2023-12-30', 2, 0, 12, 1),
(277, 'Black Friday', '2023-11-28 03:00:00', 30428, 0, 0, 10011, 2499.9, '2023-11-25', '2023-12-30', 2, 0, 12, 1),
(278, 'Black Friday', '2023-11-28 03:00:00', 15035, 1, 1, 10011, 2499.9, '2023-11-25', '2023-12-30', 2, 0, 12, 1),
(279, 'Black Friday', '2023-11-28 03:00:00', 12212, 1, 1, 10011, 2699.9, '2023-11-25', '2023-12-30', 2, 0, 12, 1),
(280, 'Black Friday', '2023-11-28 03:00:00', 30521, 0, 0, 10011, 1499.9, '2023-11-25', '2023-12-30', 2, 0, 12, 1),
(281, 'Black Friday', '2023-11-28 03:00:00', 650682, 2, 0, 10011, 2099.9, '2023-11-25', '2023-12-30', 2, 0, 12, 1),
(282, 'Black Friday', '2023-11-28 03:00:00', 30475, 0, 0, 10011, 5399.9, '2023-11-25', '2023-12-30', 2, 0, 12, 1),
(283, 'Black Friday', '2023-11-28 03:00:00', 30437, 0, 0, 10011, 3099.9, '2023-11-25', '2023-12-30', 2, 0, 12, 1),
(284, 'Black Friday', '2023-11-28 03:00:00', 120321, 0, 2, 10011, 2399.9, '2023-11-25', '2023-12-30', 2, 0, 12, 1),
(285, 'Black Friday', '2023-11-28 03:00:00', 28278, 3200, 0, 10011, 4099.9, '2023-11-25', '2023-12-30', 2, 0, 12, 1),
(286, 'Black Friday', '2023-11-28 03:00:00', 11638, 1, 1, 10011, 2899.9, '2023-11-25', '2023-12-30', 2, 0, 12, 1),
(287, 'Black Friday', '2023-11-28 03:00:00', 120166, 0, 2, 10011, 2099.9, '2023-11-25', '2023-12-30', 2, 0, 12, 1),
(288, 'Black Friday', '2023-11-28 03:00:00', 650681, 2, 0, 10011, 1699.9, '2023-11-25', '2023-12-30', 2, 0, 12, 1),
(289, 'Black Friday', '2023-11-28 03:00:00', 52359, 8, 14, 10011, 1399.9, '2023-11-25', '2023-12-30', 2, 0, 12, 1),
(290, 'Black Friday', '2023-11-28 03:00:00', 49606, 8, 14, 10011, 4199.9, '2023-11-25', '2023-12-30', 2, 0, 12, 1),
(291, 'Black Friday', '2023-11-28 03:00:00', 30500, 0, 0, 10011, 299.9, '2023-11-25', '2023-12-30', 2, 0, 12, 1),
(292, 'Black Friday', '2023-11-28 03:00:00', 52431, 15, 14, 10011, 1099.9, '2023-11-25', '2023-12-30', 2, 0, 12, 1),
(293, 'Black Friday', '2023-11-28 03:00:00', 650680, 2, 0, 10011, 1399.9, '2023-11-25', '2023-12-30', 2, 0, 12, 1),
(294, 'Black Friday', '2023-11-28 03:00:00', 11600, 3, 1, 10011, 5199.9, '2023-11-25', '2023-12-30', 2, 0, 12, 1),
(295, 'Black Friday', '2023-11-28 03:00:00', 52506, 8, 14, 10011, 5799.9, '2023-11-25', '2023-12-30', 2, 0, 12, 1),
(296, 'Black Friday', '2023-11-28 03:00:00', 52601, 1940, 14, 10011, 899.9, '2023-11-25', '2023-12-30', 2, 0, 12, 1),
(297, 'Black Friday', '2023-11-28 03:00:00', 30422, 0, 0, 10011, 2199.9, '2023-11-25', '2023-12-30', 2, 0, 12, 1),
(298, 'Black Friday', '2023-11-28 03:00:00', 52593, 12, 14, 10011, 1599.9, '2023-11-25', '2023-12-30', 2, 0, 12, 1),
(299, 'Black Friday', '2023-11-28 03:00:00', 28150, 4036, 0, 10011, 1599.9, '2023-11-25', '2023-12-30', 2, 0, 12, 1),
(300, 'Black Friday', '2023-11-28 03:00:00', 30476, 0, 0, 10011, 6299.9, '2023-11-25', '2023-12-30', 2, 0, 12, 1),
(301, 'Black Friday', '2023-11-28 03:00:00', 30472, 0, 0, 10012, 2799.9, '2023-11-25', '2023-12-30', 2, 0, 12, 1),
(302, 'Black Friday', '2023-11-28 03:00:00', 11524, 1, 1, 10012, 3199.9, '2023-11-25', '2023-12-30', 2, 0, 12, 1),
(303, 'Black Friday', '2023-11-28 03:00:00', 15034, 1, 1, 10012, 2199.9, '2023-11-25', '2023-12-30', 2, 0, 12, 1),
(304, 'Black Friday', '2023-11-28 03:00:00', 11297, 1, 1, 10012, 3399.9, '2023-11-25', '2023-12-30', 2, 0, 12, 1),
(305, 'Black Friday', '2023-11-28 03:00:00', 11599, 1, 1, 10012, 4799.9, '2023-11-25', '2023-12-30', 2, 0, 12, 1),
(306, 'Black Friday', '2023-11-28 03:00:00', 30474, 0, 0, 10012, 4199.9, '2023-11-25', '2023-12-30', 2, 0, 12, 1),
(307, 'Black Friday', '2023-11-28 03:00:00', 52192, 8, 0, 10012, 2399.9, '2023-11-25', '2023-12-30', 2, 0, 12, 1),
(308, 'Black Friday', '2023-11-28 03:00:00', 49605, 8, 14, 10012, 3699.9, '2023-11-25', '2023-12-30', 2, 0, 12, 1),
(309, 'Black Friday', '2023-11-28 03:00:00', 30282, 0, 0, 10012, 1399.9, '2023-11-25', '2023-12-30', 2, 0, 12, 1),
(310, 'Black Friday', '2023-11-28 03:00:00', 30473, 0, 0, 10012, 3099.9, '2023-11-25', '2023-12-30', 2, 0, 12, 1),
(311, 'Black Friday', '2023-11-28 03:00:00', 30283, 0, 0, 10012, 2099.9, '2023-11-25', '2023-12-30', 2, 0, 12, 1),
(312, 'Black Friday', '2023-11-28 03:00:00', 12136, 1, 1, 10012, 3999.9, '2023-11-25', '2023-12-30', 2, 0, 12, 1),
(313, 'Black Friday', '2023-11-28 03:00:00', 30428, 0, 0, 10012, 2499.9, '2023-11-25', '2023-12-30', 2, 0, 12, 1),
(314, 'Black Friday', '2023-11-28 03:00:00', 15035, 1, 1, 10012, 2499.9, '2023-11-25', '2023-12-30', 2, 0, 12, 1),
(315, 'Black Friday', '2023-11-28 03:00:00', 12212, 1, 1, 10012, 2699.9, '2023-11-25', '2023-12-30', 2, 0, 12, 1),
(316, 'Black Friday', '2023-11-28 03:00:00', 30521, 0, 0, 10012, 1499.9, '2023-11-25', '2023-12-30', 2, 0, 12, 1),
(317, 'Black Friday', '2023-11-28 03:00:00', 650682, 2, 0, 10012, 2099.9, '2023-11-25', '2023-12-30', 2, 0, 12, 1),
(318, 'Black Friday', '2023-11-28 03:00:00', 30475, 0, 0, 10012, 5399.9, '2023-11-25', '2023-12-30', 2, 0, 12, 1),
(319, 'Black Friday', '2023-11-28 03:00:00', 30437, 0, 0, 10012, 3099.9, '2023-11-25', '2023-12-30', 2, 0, 12, 1),
(320, 'Black Friday', '2023-11-28 03:00:00', 120321, 0, 2, 10012, 2399.9, '2023-11-25', '2023-12-30', 2, 0, 12, 1),
(321, 'Black Friday', '2023-11-28 03:00:00', 28278, 3200, 0, 10012, 4099.9, '2023-11-25', '2023-12-30', 2, 0, 12, 1),
(322, 'Black Friday', '2023-11-28 03:00:00', 11638, 1, 1, 10012, 2899.9, '2023-11-25', '2023-12-30', 2, 0, 12, 1),
(323, 'Black Friday', '2023-11-28 03:00:00', 120166, 0, 2, 10012, 2099.9, '2023-11-25', '2023-12-30', 2, 0, 12, 1),
(324, 'Black Friday', '2023-11-28 03:00:00', 650681, 2, 0, 10012, 1699.9, '2023-11-25', '2023-12-30', 2, 0, 12, 1),
(325, 'Black Friday', '2023-11-28 03:00:00', 52359, 8, 14, 10012, 1399.9, '2023-11-25', '2023-12-30', 2, 0, 12, 1),
(326, 'Black Friday', '2023-11-28 03:00:00', 49606, 8, 14, 10012, 4199.9, '2023-11-25', '2023-12-30', 2, 0, 12, 1),
(327, 'Black Friday', '2023-11-28 03:00:00', 30500, 0, 0, 10012, 299.9, '2023-11-25', '2023-12-30', 2, 0, 12, 1),
(328, 'Black Friday', '2023-11-28 03:00:00', 52431, 15, 14, 10012, 1099.9, '2023-11-25', '2023-12-30', 2, 0, 12, 1),
(329, 'Black Friday', '2023-11-28 03:00:00', 650680, 2, 0, 10012, 1399.9, '2023-11-25', '2023-12-30', 2, 0, 12, 1),
(330, 'Black Friday', '2023-11-28 03:00:00', 11600, 3, 1, 10012, 5199.9, '2023-11-25', '2023-12-30', 2, 0, 12, 1),
(331, 'Black Friday', '2023-11-28 03:00:00', 52506, 8, 14, 10012, 5799.9, '2023-11-25', '2023-12-30', 2, 0, 12, 1),
(332, 'Black Friday', '2023-11-28 03:00:00', 52601, 1940, 14, 10012, 899.9, '2023-11-25', '2023-12-30', 2, 0, 12, 1),
(333, 'Black Friday', '2023-11-28 03:00:00', 30422, 0, 0, 10012, 2199.9, '2023-11-25', '2023-12-30', 2, 0, 12, 1),
(334, 'Black Friday', '2023-11-28 03:00:00', 52593, 12, 14, 10012, 1599.9, '2023-11-25', '2023-12-30', 2, 0, 12, 1),
(335, 'Black Friday', '2023-11-28 03:00:00', 28150, 4036, 0, 10012, 1599.9, '2023-11-25', '2023-12-30', 2, 0, 12, 1),
(336, 'Black Friday', '2023-11-28 03:00:00', 30476, 0, 0, 10012, 6299.9, '2023-11-25', '2023-12-30', 2, 0, 12, 1),
(337, 'Promoção teste', '2023-11-29 17:27:26', 11599, 16, 1, 10009, 1231.23, '2023-11-29', '2023-11-30', 2, 0, 12, 2),
(338, 'promoção do vendra', '2023-11-29 22:56:32', 111111111, 0, 0, 10010, 1999.9, '2023-11-23', '2023-11-28', 7, 1, 1, 1);

-- --------------------------------------------------------

--
-- Estrutura da tabela `qtd_parcela`
--

CREATE TABLE `qtd_parcela` (
  `qtd_parcelas` int(11) NOT NULL
) ENGINE=InnoDB DEFAULT CHARSET=latin1 COLLATE=latin1_general_ci;

--
-- Extraindo dados da tabela `qtd_parcela`
--

INSERT INTO `qtd_parcela` (`qtd_parcelas`) VALUES
(1),
(2),
(3),
(4),
(5),
(6),
(7),
(8),
(9),
(10),
(11),
(12),
(13),
(14),
(15),
(16),
(17),
(18),
(19),
(20);

-- --------------------------------------------------------

--
-- Estrutura da tabela `regra_parcelamento_padrao`
--

CREATE TABLE `regra_parcelamento_padrao` (
  `1` int(11) NOT NULL,
  `parcela_inicio` int(11) NOT NULL,
  `parcela_fim` int(11) NOT NULL,
  `id_tipo_pagamento` int(11) NOT NULL
) ENGINE=InnoDB DEFAULT CHARSET=latin1 COLLATE=latin1_general_ci;

--
-- Extraindo dados da tabela `regra_parcelamento_padrao`
--

INSERT INTO `regra_parcelamento_padrao` (`1`, `parcela_inicio`, `parcela_fim`, `id_tipo_pagamento`) VALUES
(1, 0, 12, 2);

-- --------------------------------------------------------

--
-- Estrutura da tabela `situacao`
--

CREATE TABLE `situacao` (
  `id` int(11) NOT NULL,
  `descricao` varchar(50) CHARACTER SET utf8mb4 COLLATE utf8mb4_unicode_ci NOT NULL
) ENGINE=InnoDB DEFAULT CHARSET=latin1 COLLATE=latin1_general_ci;

--
-- Extraindo dados da tabela `situacao`
--

INSERT INTO `situacao` (`id`, `descricao`) VALUES
(1, 'Ativo'),
(2, 'Inativo');

-- --------------------------------------------------------

--
-- Estrutura da tabela `tipo_cartaz`
--

CREATE TABLE `tipo_cartaz` (
  `id` int(11) NOT NULL,
  `tipo_cartaz` varchar(50) COLLATE utf8mb4_unicode_ci NOT NULL,
  `descricao` varchar(50) COLLATE utf8mb4_unicode_ci DEFAULT NULL,
  `dimensao_inicial` float NOT NULL,
  `dimensao_final` float NOT NULL,
  `qtd_folhas` int(11) NOT NULL
) ENGINE=InnoDB DEFAULT CHARSET=utf8mb4 COLLATE=utf8mb4_unicode_ci;

--
-- Extraindo dados da tabela `tipo_cartaz`
--

INSERT INTO `tipo_cartaz` (`id`, `tipo_cartaz`, `descricao`, `dimensao_inicial`, `dimensao_final`, `qtd_folhas`) VALUES
(1, 'A4', 'A4', 21, 29.7, 1),
(6, 'A3', 'A3', 5, 10, 3);

-- --------------------------------------------------------

--
-- Estrutura da tabela `tipo_formato`
--

CREATE TABLE `tipo_formato` (
  `id` int(11) NOT NULL,
  `descricao` varchar(150) COLLATE utf8mb4_unicode_ci NOT NULL
) ENGINE=InnoDB DEFAULT CHARSET=utf8mb4 COLLATE=utf8mb4_unicode_ci;

--
-- Extraindo dados da tabela `tipo_formato`
--

INSERT INTO `tipo_formato` (`id`, `descricao`) VALUES
(1, 'Padrão'),
(2, 'CDC');

-- --------------------------------------------------------

--
-- Estrutura da tabela `tipo_pagamento`
--

CREATE TABLE `tipo_pagamento` (
  `id` int(11) NOT NULL,
  `descricao` varchar(100) COLLATE utf8mb4_unicode_ci NOT NULL
) ENGINE=InnoDB DEFAULT CHARSET=utf8mb4 COLLATE=utf8mb4_unicode_ci;

--
-- Extraindo dados da tabela `tipo_pagamento`
--

INSERT INTO `tipo_pagamento` (`id`, `descricao`) VALUES
(1, 'Cartão'),
(2, 'Carnê'),
(7, 'A Vista'),
(8, 'Tipo Teste');

-- --------------------------------------------------------

--
-- Estrutura da tabela `tipo_permissao`
--

CREATE TABLE `tipo_permissao` (
  `id` int(11) NOT NULL,
  `descricao` varchar(150) CHARACTER SET latin1 COLLATE latin1_general_ci NOT NULL
) ENGINE=InnoDB DEFAULT CHARSET=utf8mb4 COLLATE=utf8mb4_unicode_ci;

--
-- Extraindo dados da tabela `tipo_permissao`
--

INSERT INTO `tipo_permissao` (`id`, `descricao`) VALUES
(1, 'Administrativo'),
(2, 'Padrão');

-- --------------------------------------------------------

--
-- Estrutura da tabela `usuario`
--

CREATE TABLE `usuario` (
  `id` int(11) NOT NULL,
  `id_filial` int(11) NOT NULL,
  `numero_filial` int(11) NOT NULL,
  `id_empresa` int(11) NOT NULL,
  `cidade` varchar(150) COLLATE utf8mb4_unicode_ci NOT NULL,
  `usuario` varchar(50) COLLATE utf8mb4_unicode_ci NOT NULL,
  `senha` varchar(300) COLLATE utf8mb4_unicode_ci NOT NULL,
  `id_tipo_formato` int(11) NOT NULL,
  `id_tipo_permissao` int(11) NOT NULL
) ENGINE=InnoDB DEFAULT CHARSET=utf8mb4 COLLATE=utf8mb4_unicode_ci;

--
-- Extraindo dados da tabela `usuario`
--

INSERT INTO `usuario` (`id`, `id_filial`, `numero_filial`, `id_empresa`, `cidade`, `usuario`, `senha`, `id_tipo_formato`, `id_tipo_permissao`) VALUES
(1, 10002, 2, 1, '1', 'filial2', '$2y$10$zRQTQHbzRGs4l6YMkk8Z7enWWcwI0ekm6rL6Xi4bJyWwdFDRM2Prm', 1, 2),
(8, 10009, 9, 1, 'TANGARA DA SERRA', 'filial9', '$2y$10$aHWPuXOKR/G2sUcEkXqgT.jDiUybSOJBOZNO33MEXRIbxGbkLHMU.', 1, 2),
(9, 10010, 10, 1, 'SAO JOSE DOS QUATRO MARCOS', 'filial10', '$2y$10$aHWPuXOKR/G2sUcEkXqgT.jDiUybSOJBOZNO33MEXRIbxGbkLHMU.', 1, 2),
(10, 10011, 11, 1, 'PONTES E LACERDA', 'filial11', '$2y$10$aHWPuXOKR/G2sUcEkXqgT.jDiUybSOJBOZNO33MEXRIbxGbkLHMU.', 1, 2),
(11, 10012, 12, 1, 'BARRA DO BUGRES', 'filial12', '$2y$10$aHWPuXOKR/G2sUcEkXqgT.jDiUybSOJBOZNO33MEXRIbxGbkLHMU.', 1, 2),
(15, 10016, 16, 1, 'SORRISO', 'filial16', '$2y$10$aHWPuXOKR/G2sUcEkXqgT.jDiUybSOJBOZNO33MEXRIbxGbkLHMU.', 1, 2),
(17, 10018, 18, 1, 'PRIMAVERA DO LESTE', 'filial18', '$2y$10$aHWPuXOKR/G2sUcEkXqgT.jDiUybSOJBOZNO33MEXRIbxGbkLHMU.', 1, 2),
(20, 10021, 21, 1, '1', 'filial21', '$2y$10$RMD7dqeP3B1PwQeA3OuahuXg2zwRFgKppIWiUlNMw0m8RlExZzagC', 1, 2),
(21, 10022, 22, 1, 'COXIM', 'filial22', '$2y$10$aHWPuXOKR/G2sUcEkXqgT.jDiUybSOJBOZNO33MEXRIbxGbkLHMU.', 1, 2),
(22, 10023, 23, 1, 'CAMPO VERDE', 'filial23', '$2y$10$aHWPuXOKR/G2sUcEkXqgT.jDiUybSOJBOZNO33MEXRIbxGbkLHMU.', 1, 2),
(23, 10024, 24, 1, 'DOURADOS', 'filial24', '$2y$10$aHWPuXOKR/G2sUcEkXqgT.jDiUybSOJBOZNO33MEXRIbxGbkLHMU.', 1, 2),
(24, 10026, 26, 1, 'ESPIGAO DO OESTE', 'filial26', '$2y$10$aHWPuXOKR/G2sUcEkXqgT.jDiUybSOJBOZNO33MEXRIbxGbkLHMU.', 1, 2),
(25, 10027, 27, 1, 'AQUIDAUANA', 'filial27', '$2y$10$aHWPuXOKR/G2sUcEkXqgT.jDiUybSOJBOZNO33MEXRIbxGbkLHMU.', 1, 2),
(26, 10029, 29, 1, 'RONDONOPOLIS', 'filial29', '$2y$10$aHWPuXOKR/G2sUcEkXqgT.jDiUybSOJBOZNO33MEXRIbxGbkLHMU.', 1, 2),
(27, 10030, 30, 1, 'LUCAS DO RIO VERDE', 'filial30', '$2y$10$aHWPuXOKR/G2sUcEkXqgT.jDiUybSOJBOZNO33MEXRIbxGbkLHMU.', 1, 2),
(28, 10032, 32, 1, 'ALTA FLORESTA', 'filial32', '$2y$10$aHWPuXOKR/G2sUcEkXqgT.jDiUybSOJBOZNO33MEXRIbxGbkLHMU.', 1, 2),
(29, 10033, 33, 1, 'NAVIRAI', 'filial33', '$2y$10$aHWPuXOKR/G2sUcEkXqgT.jDiUybSOJBOZNO33MEXRIbxGbkLHMU.', 1, 2),
(30, 10034, 34, 1, 'CORUMBA', 'filial34', '$2y$10$aHWPuXOKR/G2sUcEkXqgT.jDiUybSOJBOZNO33MEXRIbxGbkLHMU.', 1, 2),
(31, 10035, 35, 1, 'ARIQUEMES', 'filial35', '$2y$10$aHWPuXOKR/G2sUcEkXqgT.jDiUybSOJBOZNO33MEXRIbxGbkLHMU.', 2, 2),
(32, 10036, 36, 1, 'MARACAJU', 'filial36', '$2y$10$aHWPuXOKR/G2sUcEkXqgT.jDiUybSOJBOZNO33MEXRIbxGbkLHMU.', 1, 2),
(38, 10044, 44, 1, 'JARDIM', 'filial44', '$2y$10$aHWPuXOKR/G2sUcEkXqgT.jDiUybSOJBOZNO33MEXRIbxGbkLHMU.', 1, 2),
(39, 10045, 45, 1, 'PARANAIBA', 'filial45', '$2y$10$aHWPuXOKR/G2sUcEkXqgT.jDiUybSOJBOZNO33MEXRIbxGbkLHMU.', 1, 2),
(40, 10046, 46, 1, 'SAO GABRIEL DO OESTE', 'filial46', '$2y$10$aHWPuXOKR/G2sUcEkXqgT.jDiUybSOJBOZNO33MEXRIbxGbkLHMU.', 1, 2),
(41, 10047, 47, 1, 'NOVA MUTUM', 'filial47', '$2y$10$aHWPuXOKR/G2sUcEkXqgT.jDiUybSOJBOZNO33MEXRIbxGbkLHMU.', 1, 2),
(43, 10049, 49, 1, 'VERA', 'filial49', '$2y$10$aHWPuXOKR/G2sUcEkXqgT.jDiUybSOJBOZNO33MEXRIbxGbkLHMU.', 1, 2),
(370, 10002, 2, 1, '1', 'lucas.sanches', '$2y$10$/lJJcIeF1ganZwOZt15fsetTqNLTQuNZ79hBAP3urM8x5dA0SSMtO', 1, 1),
(387, 10005, 5, 1, '1', 'diogo.ranghetti', '$2y$10$H6KpDNwAP3sheKvEB.ONae5KFX1X/UHPzpqgdPwNmvQam90RJM1fa', 1, 2);

-- --------------------------------------------------------

--
-- Estrutura da tabela `voltagem`
--

CREATE TABLE `voltagem` (
  `id` int(11) NOT NULL,
  `descricao` varchar(150) CHARACTER SET utf8mb4 COLLATE utf8mb4_unicode_ci NOT NULL
) ENGINE=InnoDB DEFAULT CHARSET=latin1 COLLATE=latin1_general_ci;

--
-- Extraindo dados da tabela `voltagem`
--

INSERT INTO `voltagem` (`id`, `descricao`) VALUES
(0, 'SEM VOLTAGEM'),
(1, '110 VOLTS'),
(2, '220 VOLTS'),
(3, '380 VOLTS'),
(4, 'BIVOLT'),
(5, '12 VOLTS'),
(6, '24 VOLTS'),
(7, 'Bateria'),
(8, 'Pilha'),
(12, 'DUALBAND'),
(13, 'TRIBAND'),
(14, 'QUADRIBAND');

--
-- Indexes for dumped tables
--

--
-- Indexes for table `controle_deflacao`
--
ALTER TABLE `controle_deflacao`
  ADD PRIMARY KEY (`id`),
  ADD KEY `id_tipo_pagamento` (`id_tipo_pagamento`);

--
-- Indexes for table `cor`
--
ALTER TABLE `cor`
  ADD PRIMARY KEY (`id`);

--
-- Indexes for table `impressoes`
--
ALTER TABLE `impressoes`
  ADD PRIMARY KEY (`id`);

--
-- Indexes for table `produto`
--
ALTER TABLE `produto`
  ADD PRIMARY KEY (`id_filial`,`id_produto`,`id_grade_x`,`id_grade_y`,`id_promocao_produto_grade`);

--
-- Indexes for table `produtonew`
--
ALTER TABLE `produtonew`
  ADD PRIMARY KEY (`id`);

--
-- Indexes for table `promocao`
--
ALTER TABLE `promocao`
  ADD PRIMARY KEY (`id`);

--
-- Indexes for table `tipo_cartaz`
--
ALTER TABLE `tipo_cartaz`
  ADD PRIMARY KEY (`id`);

--
-- Indexes for table `tipo_formato`
--
ALTER TABLE `tipo_formato`
  ADD PRIMARY KEY (`id`);

--
-- Indexes for table `tipo_pagamento`
--
ALTER TABLE `tipo_pagamento`
  ADD PRIMARY KEY (`id`);

--
-- Indexes for table `tipo_permissao`
--
ALTER TABLE `tipo_permissao`
  ADD PRIMARY KEY (`id`);

--
-- Indexes for table `usuario`
--
ALTER TABLE `usuario`
  ADD PRIMARY KEY (`id`),
  ADD UNIQUE KEY `usuario_UN` (`usuario`),
  ADD KEY `tipo_formato_FK` (`id_tipo_formato`),
  ADD KEY `tipo_permissao_FK` (`id_tipo_permissao`);

--
-- Indexes for table `voltagem`
--
ALTER TABLE `voltagem`
  ADD PRIMARY KEY (`id`);

--
-- AUTO_INCREMENT for dumped tables
--

--
-- AUTO_INCREMENT for table `controle_deflacao`
--
ALTER TABLE `controle_deflacao`
  MODIFY `id` int(11) NOT NULL AUTO_INCREMENT, AUTO_INCREMENT=35;

--
-- AUTO_INCREMENT for table `cor`
--
ALTER TABLE `cor`
  MODIFY `id` int(11) NOT NULL AUTO_INCREMENT, AUTO_INCREMENT=4037;

--
-- AUTO_INCREMENT for table `impressoes`
--
ALTER TABLE `impressoes`
  MODIFY `id` int(11) NOT NULL AUTO_INCREMENT, AUTO_INCREMENT=271;

--
-- AUTO_INCREMENT for table `produtonew`
--
ALTER TABLE `produtonew`
  MODIFY `id` int(11) NOT NULL AUTO_INCREMENT, AUTO_INCREMENT=115;

--
-- AUTO_INCREMENT for table `promocao`
--
ALTER TABLE `promocao`
  MODIFY `id` int(11) NOT NULL AUTO_INCREMENT, AUTO_INCREMENT=339;

--
-- AUTO_INCREMENT for table `tipo_cartaz`
--
ALTER TABLE `tipo_cartaz`
  MODIFY `id` int(11) NOT NULL AUTO_INCREMENT, AUTO_INCREMENT=7;

--
-- AUTO_INCREMENT for table `tipo_formato`
--
ALTER TABLE `tipo_formato`
  MODIFY `id` int(11) NOT NULL AUTO_INCREMENT, AUTO_INCREMENT=3;

--
-- AUTO_INCREMENT for table `tipo_pagamento`
--
ALTER TABLE `tipo_pagamento`
  MODIFY `id` int(11) NOT NULL AUTO_INCREMENT, AUTO_INCREMENT=9;

--
-- AUTO_INCREMENT for table `tipo_permissao`
--
ALTER TABLE `tipo_permissao`
  MODIFY `id` int(11) NOT NULL AUTO_INCREMENT, AUTO_INCREMENT=3;

--
-- AUTO_INCREMENT for table `usuario`
--
ALTER TABLE `usuario`
  MODIFY `id` int(11) NOT NULL AUTO_INCREMENT, AUTO_INCREMENT=388;

--
-- AUTO_INCREMENT for table `voltagem`
--
ALTER TABLE `voltagem`
  MODIFY `id` int(11) NOT NULL AUTO_INCREMENT, AUTO_INCREMENT=30;

--
-- Constraints for dumped tables
--

--
-- Limitadores para a tabela `controle_deflacao`
--
ALTER TABLE `controle_deflacao`
  ADD CONSTRAINT `controle_deflacao_ibfk_1` FOREIGN KEY (`id_tipo_pagamento`) REFERENCES `tipo_pagamento` (`id`);

--
-- Limitadores para a tabela `usuario`
--
ALTER TABLE `usuario`
  ADD CONSTRAINT `tipo_formato_FK` FOREIGN KEY (`id_tipo_formato`) REFERENCES `tipo_formato` (`id`),
  ADD CONSTRAINT `tipo_permissao_FK` FOREIGN KEY (`id_tipo_permissao`) REFERENCES `tipo_permissao` (`id`);
COMMIT;

/*!40101 SET CHARACTER_SET_CLIENT=@OLD_CHARACTER_SET_CLIENT */;
/*!40101 SET CHARACTER_SET_RESULTS=@OLD_CHARACTER_SET_RESULTS */;
/*!40101 SET COLLATION_CONNECTION=@OLD_COLLATION_CONNECTION */;
